distance,x,y,z,U_x,U_y,U_z,k,omega
6.966e-18,-0.25,0,-6.966e-18,0,0,0,0,3315.73
0.0005,-0.25,0.0005,-6.93889e-18,0.102101,-3.62944e-06,1.35063e-20,9.90922e-05,2991.07
0.001,-0.25,0.001,-6.93889e-18,0.198053,-1.73373e-05,7.93589e-20,0.000477756,1408.4
0.0015,-0.25,0.0015,3.46945e-18,0.275084,-3.4333e-05,5.13395e-20,0.00115288,566.081
0.002,-0.25,0.002,-1.73472e-18,0.335446,-5.4284e-05,-5.8468e-20,0.002085,371.249
0.0025,-0.25,0.0025,-3.46945e-18,0.379361,-7.57447e-05,-6.76322e-20,0.00268323,259.678
0.003,-0.25,0.003,-1.73472e-18,0.412531,-9.74385e-05,-2.10488e-20,0.00307448,198.291
0.0035,-0.25,0.0035,-3.46945e-18,0.438956,-0.000119838,0,0.00334175,156.103
0.004,-0.25,0.004,-6.93889e-18,0.459628,-0.000142751,0,0.00350523,129.988
0.0045,-0.25,0.0045,-6.93889e-18,0.478086,-0.000165094,1.19092e-20,0.00364367,107.774
0.005,-0.25,0.005,-3.46945e-18,0.492662,-0.000189176,6.92717e-20,0.00372297,94.5179
0.0055,-0.25,0.0055,-1.73472e-18,0.505851,-0.000211637,1.14958e-19,0.00379467,82.5647
0.006,-0.25,0.006,-3.46945e-18,0.51741,-0.000235274,7.38211e-20,0.00384969,73.5698
0.0065,-0.25,0.0065,0,0.527741,-0.000259226,-1.47372e-20,0.00389373,66.507
0.007,-0.25,0.007,8.67362e-19,0.537333,-0.000282009,-9.88845e-20,0.00393459,59.9712
0.0075,-0.25,0.0075,0,0.545762,-0.000306011,-8.99325e-20,0.00396693,55.1208
0.008,-0.25,0.008,3.46945e-18,0.553636,-0.000330033,-5.32467e-20,0.0039959,50.9005
0.0085,-0.25,0.0085,2.60209e-18,0.56094,-0.000352934,-1.56667e-20,0.00402272,47.0006
0.009,-0.25,0.009,0,0.567677,-0.000376672,7.10735e-20,0.00404672,43.7749
0.0095,-0.25,0.0095,0,0.574008,-0.000401007,1.9296e-19,0.00406868,41.0314
0.01,-0.25,0.01,-1.73472e-18,0.579796,-0.000424101,2.9743e-19,0.00408867,38.5356
0.0105,-0.25,0.0105,-3.46945e-18,0.585498,-0.000447109,3.87753e-19,0.00410837,36.0974
0.011,-0.25,0.011,-6.93889e-18,0.590575,-0.000471372,2.09206e-19,0.00412611,34.284
0.0115,-0.25,0.0115,-3.46945e-18,0.595563,-0.000495408,3.57398e-20,0.00414351,32.505
0.012,-0.25,0.012,-5.20417e-18,0.600165,-0.000518345,-1.27677e-19,0.00415945,30.8715
0.0125,-0.25,0.0125,-6.93889e-18,0.60471,-0.000541435,-2.65016e-19,0.0041753,29.2879
0.013,-0.25,0.013,-6.93889e-18,0.608854,-0.000565596,-2.20363e-19,0.00419047,28.0524
0.0135,-0.25,0.0135,-6.93889e-18,0.612975,-0.000589707,-1.75819e-19,0.00420554,26.8242
0.014,-0.25,0.014,-3.46945e-18,0.616733,-0.000612595,-1.31907e-19,0.00421912,25.711
0.0145,-0.25,0.0145,-1.30104e-18,0.620491,-0.000635483,-8.79953e-20,0.0042327,24.5978
0.015,-0.25,0.015,-3.46945e-18,0.623999,-0.000659234,-4.05161e-20,0.00424609,23.678
0.0155,-0.25,0.0155,-3.46945e-18,0.62743,-0.000683247,8.04903e-21,0.00425942,22.8172
0.016,-0.25,0.016,0,0.630711,-0.000706707,5.1996e-20,0.00427206,21.9966
0.0165,-0.25,0.0165,-1.73472e-18,0.633825,-0.000729492,9.4453e-20,0.00428393,21.2208
0.017,-0.25,0.017,-2.27682e-18,0.636939,-0.000752276,1.3691e-19,0.00429581,20.4449
0.0175,-0.25,0.0175,-3.46945e-18,0.639834,-0.000775999,6.68271e-20,0.00430757,19.8225
0.018,-0.25,0.018,0,0.642712,-0.000799797,-1.23143e-20,0.00431931,19.2124
0.0185,-0.25,0.0185,3.46945e-18,0.645489,-0.000823175,-8.83482e-20,0.00433055,18.6251
0.019,-0.25,0.019,0,0.648102,-0.000845783,-1.62196e-19,0.00434096,18.0751
0.0195,-0.25,0.0195,1.73472e-18,0.650715,-0.000868391,-2.36043e-19,0.00435138,17.5251
0.02,-0.25,0.02,-3.46945e-18,0.653234,-0.000891483,-2.31411e-19,0.00436167,17.0364
0.0205,-0.25,0.0205,0,0.655676,-0.000914974,-1.62215e-19,0.00437187,16.598
0.021,-0.25,0.021,3.46945e-18,0.658118,-0.000938464,-9.30198e-20,0.00438206,16.1595
0.0215,-0.25,0.0215,0,0.660398,-0.00096116,-2.65123e-20,0.00439139,15.7522
0.022,-0.25,0.022,0,0.662617,-0.000983501,3.76743e-20,0.00440038,15.3569
0.0225,-0.25,0.0225,2.1684e-18,0.664835,-0.00100584,1.01861e-19,0.00440938,14.9616
0.023,-0.25,0.023,0,0.666982,-0.0010286,1.16729e-19,0.00441814,14.6104
0.0235,-0.25,0.0235,0,0.669077,-0.00105168,9.53982e-20,0.00442673,14.2915
0.024,-0.25,0.024,0,0.671173,-0.00107475,7.40677e-20,0.00443532,13.9726
0.0245,-0.25,0.0245,-3.46945e-18,0.673185,-0.00109737,5.34906e-20,0.00444345,13.6673
0.025,-0.25,0.025,-1.73472e-18,0.675088,-0.00111934,3.59878e-20,0.00445099,13.3797
0.0255,-0.25,0.0255,0,0.676992,-0.00114131,1.84851e-20,0.00445853,13.0921
0.026,-0.25,0.026,-3.46945e-18,0.678896,-0.00116328,9.82278e-22,0.00446607,12.8045
0.0265,-0.25,0.0265,-3.46945e-18,0.680717,-0.00118578,2.65105e-20,0.00447302,12.5668
0.027,-0.25,0.027,-3.46945e-18,0.682534,-0.0012083,5.45972e-20,0.00447994,12.3321
0.0275,-0.25,0.0275,-6.93889e-18,0.68435,-0.00123083,8.2684e-20,0.00448686,12.0974
0.028,-0.25,0.028,-3.46945e-18,0.686091,-0.00125292,1.06909e-19,0.00449337,11.8731
0.0285,-0.25,0.0285,-6.93889e-18,0.687742,-0.00127441,1.2972e-19,0.00449941,11.6614
0.029,-0.25,0.029,-5.20417e-18,0.689393,-0.00129589,1.52532e-19,0.00450544,11.4497
0.0295,-0.25,0.0295,-5.20417e-18,0.691043,-0.00131737,1.75343e-19,0.00451148,11.238
0.03,-0.25,0.03,-3.46945e-18,0.692659,-0.00133907,1.58674e-19,0.00451704,11.0476
0.0305,-0.25,0.0305,-3.46945e-18,0.694249,-0.00136093,1.1306e-19,0.00452225,10.8728
0.031,-0.25,0.031,-3.46945e-18,0.695838,-0.00138279,6.74465e-20,0.00452745,10.6979
0.0315,-0.25,0.0315,-3.46945e-18,0.697428,-0.00140465,2.18328e-20,0.00453266,10.5231
0.032,-0.25,0.032,-3.46945e-18,0.698916,-0.00142587,-1.79628e-20,0.00453738,10.3603
0.0325,-0.25,0.0325,-3.46945e-18,0.70036,-0.00144675,-5.92576e-20,0.00454188,10.2026
0.033,-0.25,0.033,-5.20417e-18,0.701805,-0.00146764,-1.00552e-19,0.00454639,10.0449
0.0335,-0.25,0.0335,-6.07153e-18,0.70325,-0.00148852,-1.41847e-19,0.00455089,9.88719
0.034,-0.25,0.034,-6.93889e-18,0.704678,-0.00150948,-1.66931e-19,0.00455501,9.73971
0.0345,-0.25,0.0345,-1.04083e-17,0.70608,-0.00153056,-1.67166e-19,0.00455852,9.60791
0.035,-0.25,0.035,-1.04083e-17,0.707483,-0.00155163,-1.674e-19,0.00456203,9.47612
0.0355,-0.25,0.0355,-6.93889e-18,0.708886,-0.0015727,-1.67635e-19,0.00456555,9.34432
0.036,-0.25,0.036,-1.04083e-17,0.710277,-0.00159374,-1.70378e-19,0.00456902,9.21368
0.0365,-0.25,0.0365,-6.93889e-18,0.711551,-0.00161393,-1.7042e-19,0.00457201,9.09477
0.037,-0.25,0.037,-6.93889e-18,0.712826,-0.00163411,-1.70462e-19,0.00457501,8.97587
0.0375,-0.25,0.0375,-8.67362e-18,0.7141,-0.0016543,-1.70503e-19,0.004578,8.85696
0.038,-0.25,0.038,-9.1073e-18,0.715375,-0.00167448,-1.70545e-19,0.00458099,8.73806
0.0385,-0.25,0.0385,-1.04083e-17,0.716641,-0.00169467,-1.55591e-19,0.00458365,8.6248
0.039,-0.25,0.039,-6.93889e-18,0.717887,-0.00171486,-1.068e-19,0.00458552,8.52428
0.0395,-0.25,0.0395,-1.38778e-17,0.719133,-0.00173505,-5.8009e-20,0.0045874,8.42376
0.04,-0.25,0.04,-1.38778e-17,0.72038,-0.00175525,-9.21806e-21,0.00458928,8.32324
0.0405,-0.25,0.0405,-1.38778e-17,0.721626,-0.00177544,3.95729e-20,0.00459116,8.22272
0.041,-0.25,0.041,-1.04083e-17,0.722812,-0.00179527,8.62511e-20,0.00459286,8.12736
0.0415,-0.25,0.0415,-1.38778e-17,0.723945,-0.00181467,1.28718e-19,0.0045944,8.03666
0.042,-0.25,0.042,-1.04083e-17,0.725077,-0.00183407,1.71185e-19,0.00459594,7.94596
0.0425,-0.25,0.0425,-1.04083e-17,0.726209,-0.00185347,2.13652e-19,0.00459749,7.85526
0.043,-0.25,0.043,-9.54098e-18,0.727341,-0.00187287,2.56119e-19,0.00459903,7.76456
0.0435,-0.25,0.0435,-1.04083e-17,0.72847,-0.00189224,2.81081e-19,0.00460032,7.67669
0.044,-0.25,0.044,-1.04083e-17,0.729583,-0.00191149,2.4162e-19,0.00460071,7.59924
0.0445,-0.25,0.0445,-1.04083e-17,0.730697,-0.00193075,2.0216e-19,0.0046011,7.52179
0.045,-0.25,0.045,-1.38778e-17,0.731811,-0.00195,1.62699e-19,0.00460149,7.44434
0.0455,-0.25,0.0455,-1.04083e-17,0.732924,-0.00196925,1.23238e-19,0.00460188,7.36688
0.046,-0.25,0.046,-1.73472e-17,0.734038,-0.0019885,8.37771e-20,0.00460226,7.28943
0.0465,-0.25,0.0465,-1.38778e-17,0.735059,-0.00200719,4.97987e-20,0.00460251,7.21881
0.047,-0.25,0.047,-1.38778e-17,0.736071,-0.00202575,1.53441e-20,0.00460273,7.14891
0.0475,-0.25,0.0475,-1.38778e-17,0.737082,-0.00204431,-1.91105e-20,0.00460296,7.07902
0.048,-0.25,0.048,-1.56125e-17,0.738094,-0.00206287,-5.35651e-20,0.00460318,7.00912
0.0485,-0.25,0.0485,-1.30104e-17,0.739105,-0.00208144,-8.80198e-20,0.0046034,6.93923
0.049,-0.25,0.049,-1.38778e-17,0.740117,-0.0021,-1.22397e-19,0.00460362,6.86936
0.0495,-0.25,0.0495,-1.38778e-17,0.741116,-0.00211828,-1.32548e-19,0.00460269,6.80919
0.05,-0.25,0.05,-1.38778e-17,0.742116,-0.00213657,-1.42699e-19,0.00460176,6.74901
0.0505,-0.25,0.0505,-1.38778e-17,0.743115,-0.00215486,-1.52849e-19,0.00460082,6.68884
0.051,-0.25,0.051,-1.38778e-17,0.744115,-0.00217315,-1.63e-19,0.00459989,6.62866
0.0515,-0.25,0.0515,-1.38778e-17,0.745114,-0.00219144,-1.73151e-19,0.00459896,6.56849
0.052,-0.25,0.052,-1.73472e-17,0.746104,-0.00220974,-1.86011e-19,0.00459803,6.50893
0.0525,-0.25,0.0525,-2.08167e-17,0.747012,-0.00222744,-1.95942e-19,0.00459708,6.45462
0.053,-0.25,0.053,-1.73472e-17,0.747919,-0.00224514,-2.05873e-19,0.00459614,6.4003
0.0535,-0.25,0.0535,-1.9082e-17,0.748827,-0.00226284,-2.15804e-19,0.0045952,6.34599
0.054,-0.25,0.054,-1.73472e-17,0.749734,-0.00228054,-2.25735e-19,0.00459425,6.29168
0.0545,-0.25,0.0545,-1.73472e-17,0.750642,-0.00229824,-2.35666e-19,0.00459331,6.23737
0.055,-0.25,0.055,-1.95156e-17,0.75155,-0.00231594,-2.45598e-19,0.00459236,6.18306
0.0555,-0.25,0.0555,-1.38778e-17,0.752453,-0.00233344,-2.38989e-19,0.00459081,6.13274
0.056,-0.25,0.056,-2.08167e-17,0.753353,-0.00235078,-2.18959e-19,0.00458876,6.08566
0.0565,-0.25,0.0565,-1.73472e-17,0.754253,-0.00236812,-1.98929e-19,0.00458671,6.03858
0.057,-0.25,0.057,-1.38778e-17,0.755154,-0.00238547,-1.78899e-19,0.00458465,5.9915
0.0575,-0.25,0.0575,-1.73472e-17,0.756054,-0.00240281,-1.58869e-19,0.0045826,5.94441
0.058,-0.25,0.058,-2.08167e-17,0.756954,-0.00242015,-1.38839e-19,0.00458055,5.89733
0.0585,-0.25,0.0585,-1.76725e-17,0.757852,-0.00243752,-1.16493e-19,0.00457851,5.85038
0.059,-0.25,0.059,-2.08167e-17,0.758671,-0.00245442,-9.45751e-20,0.00457657,5.80776
0.0595,-0.25,0.0595,-1.73472e-17,0.759488,-0.00247127,-7.52682e-20,0.00457464,5.76526
0.06,-0.25,0.06,-1.73472e-17,0.760305,-0.00248813,-5.59613e-20,0.00457271,5.72276
0.0605,-0.25,0.0605,-1.73472e-17,0.761122,-0.00250498,-3.66544e-20,0.00457078,5.68026
0.061,-0.25,0.061,-1.73472e-17,0.761939,-0.00252183,-1.73475e-20,0.00456885,5.63776
0.0615,-0.25,0.0615,-1.9082e-17,0.762756,-0.00253868,1.95943e-21,0.00456692,5.59526
0.062,-0.25,0.062,-1.7022e-17,0.763573,-0.00255554,2.12663e-20,0.00456499,5.55276
0.0625,-0.25,0.0625,-1.73472e-17,0.764387,-0.0025721,3.38587e-20,0.00456232,5.51416
0.063,-0.25,0.063,-1.73472e-17,0.7652,-0.00258855,4.38775e-20,0.00455937,5.47704
0.0635,-0.25,0.0635,-1.38778e-17,0.766012,-0.00260499,5.38963e-20,0.00455642,5.43993
0.064,-0.25,0.064,-1.04083e-17,0.766825,-0.00262144,6.39151e-20,0.00455347,5.40282
0.0645,-0.25,0.0645,-1.04083e-17,0.767637,-0.00263789,7.39339e-20,0.00455052,5.3657
0.065,-0.25,0.065,-3.46945e-18,0.76845,-0.00265434,8.39527e-20,0.00454758,5.32859
0.0655,-0.25,0.0655,-3.46945e-18,0.769263,-0.00267079,9.39714e-20,0.00454463,5.29148
0.066,-0.25,0.066,-3.46945e-18,0.770042,-0.00268714,9.95877e-20,0.00454178,5.25597
0.0665,-0.25,0.0665,-6.93889e-18,0.770779,-0.00270319,1.10027e-19,0.00453906,5.22247
0.067,-0.25,0.067,-1.04083e-17,0.771516,-0.00271924,1.20466e-19,0.00453634,5.18896
0.0675,-0.25,0.0675,-1.21431e-17,0.772254,-0.00273528,1.30905e-19,0.00453362,5.15545
0.068,-0.25,0.068,-1.21431e-17,0.772991,-0.00275133,1.41344e-19,0.00453089,5.12195
0.0685,-0.25,0.0685,-1.56125e-17,0.773728,-0.00276738,1.51783e-19,0.00452817,5.08844
0.069,-0.25,0.069,-1.56125e-17,0.774466,-0.00278343,1.62223e-19,0.00452545,5.05493
0.0695,-0.25,0.0695,-1.60462e-17,0.775203,-0.00279948,1.72662e-19,0.00452273,5.02143
0.07,-0.25,0.07,-2.08167e-17,0.77594,-0.00281538,1.75457e-19,0.00451967,4.98936
0.0705,-0.25,0.0705,-1.38778e-17,0.776674,-0.00283101,1.64857e-19,0.00451604,4.95981
0.071,-0.25,0.071,-1.38778e-17,0.777409,-0.00284664,1.54258e-19,0.00451241,4.93026
0.0715,-0.25,0.0715,-1.38778e-17,0.778143,-0.00286227,1.43658e-19,0.00450877,4.90071
0.072,-0.25,0.072,-1.38778e-17,0.778878,-0.00287791,1.33058e-19,0.00450514,4.87116
0.0725,-0.25,0.0725,-1.04083e-17,0.779613,-0.00289354,1.22459e-19,0.00450151,4.84161
0.073,-0.25,0.073,-6.93889e-18,0.780347,-0.00290917,1.11859e-19,0.00449787,4.81206
0.0735,-0.25,0.0735,-6.93889e-18,0.781082,-0.0029248,1.0126e-19,0.00449424,4.78251
0.074,-0.25,0.074,-6.93889e-18,0.781797,-0.00294043,9.20864e-20,0.0044907,4.75377
0.0745,-0.25,0.0745,-3.46945e-18,0.782464,-0.00295574,8.1497e-20,0.00448737,4.72708
0.075,-0.25,0.075,-3.46945e-18,0.78313,-0.00297105,7.09075e-20,0.00448405,4.7004
0.0755,-0.25,0.0755,-3.46945e-18,0.783797,-0.00298636,6.03181e-20,0.00448072,4.67372
0.076,-0.25,0.076,-1.73472e-18,0.784463,-0.00300167,4.97287e-20,0.0044774,4.64704
0.0765,-0.25,0.0765,1.73472e-18,0.78513,-0.00301698,3.91393e-20,0.00447407,4.62035
0.077,-0.25,0.077,2.60209e-18,0.785796,-0.00303229,2.85499e-20,0.00447075,4.59367
0.0775,-0.25,0.0775,8.67362e-19,0.786463,-0.0030476,1.79605e-20,0.00446742,4.56699
0.078,-0.25,0.078,5.20417e-18,0.787129,-0.00306291,7.37112e-21,0.0044641,4.5403
0.0785,-0.25,0.0785,6.93889e-18,0.787795,-0.00307809,0,0.00446053,4.51449
0.079,-0.25,0.079,6.93889e-18,0.788459,-0.00309299,0,0.0044564,4.49067
0.0795,-0.25,0.0795,3.46945e-18,0.789124,-0.0031079,0,0.00445228,4.46685
0.08,-0.25,0.08,3.46945e-18,0.789788,-0.0031228,0,0.00444815,4.44303
0.0805,-0.25,0.0805,3.46945e-18,0.790453,-0.0031377,0,0.00444402,4.41921
0.081,-0.25,0.081,3.46945e-18,0.791117,-0.0031526,0,0.0044399,4.39538
0.0815,-0.25,0.0815,3.46945e-18,0.791782,-0.0031675,0,0.00443577,4.37156
0.082,-0.25,0.082,3.46945e-18,0.792446,-0.0031824,0,0.00443165,4.34774
0.0825,-0.25,0.0825,3.46945e-18,0.793111,-0.00319731,0,0.00442752,4.32392
0.083,-0.25,0.083,3.46945e-18,0.793755,-0.00321221,0,0.00442352,4.30086
0.0835,-0.25,0.0835,3.46945e-18,0.794358,-0.00322685,0,0.00441976,4.27934
0.084,-0.25,0.084,0,0.79496,-0.0032415,0,0.004416,4.25783
0.0845,-0.25,0.0845,0,0.795563,-0.00325614,0,0.00441224,4.23631
0.085,-0.25,0.085,1.73472e-18,0.796166,-0.00327079,0,0.00440848,4.2148
0.0855,-0.25,0.0855,0,0.796768,-0.00328543,0,0.00440472,4.19328
0.086,-0.25,0.086,3.46945e-18,0.797371,-0.00330007,0,0.00440096,4.17177
0.0865,-0.25,0.0865,2.60209e-18,0.797974,-0.00331472,0,0.0043972,4.15026
0.087,-0.25,0.087,2.60209e-18,0.798576,-0.00332936,0,0.00439344,4.12874
0.0875,-0.25,0.0875,6.72205e-18,0.799179,-0.00334401,0,0.00438969,4.10723
0.088,-0.25,0.088,3.46945e-18,0.799781,-0.00335851,0,0.00438567,4.08646
0.0885,-0.25,0.0885,0,0.800382,-0.00337276,0,0.00438121,4.06704
0.089,-0.25,0.089,0,0.800982,-0.00338702,0,0.00437674,4.04762
0.0895,-0.25,0.0895,-3.46945e-18,0.801583,-0.00340127,0,0.00437228,4.02821
0.09,-0.25,0.09,-3.46945e-18,0.802184,-0.00341552,0,0.00436781,4.00879
0.0905,-0.25,0.0905,-3.46945e-18,0.802785,-0.00342977,0,0.00436334,3.98937
0.091,-0.25,0.091,-6.93889e-18,0.803385,-0.00344402,0,0.00435888,3.96995
0.0915,-0.25,0.0915,-3.46945e-18,0.803986,-0.00345828,0,0.00435441,3.95053
0.092,-0.25,0.092,-6.93889e-18,0.804587,-0.00347253,0,0.00434995,3.93111
0.0925,-0.25,0.0925,-6.93889e-18,0.805188,-0.00348678,0,0.00434548,3.91169
0.093,-0.25,0.093,-6.93889e-18,0.805767,-0.00350104,0,0.00434118,3.893
0.0935,-0.25,0.0935,-1.04083e-17,0.806311,-0.00351509,0,0.00433712,3.87546
0.094,-0.25,0.094,-1.04083e-17,0.806856,-0.00352913,0,0.00433306,3.85792
0.0945,-0.25,0.0945,-1.04083e-17,0.807401,-0.00354318,0,0.004329,3.84038
0.095,-0.25,0.095,-1.38778e-17,0.807946,-0.00355722,0,0.00432494,3.82284
0.0955,-0.25,0.0955,-1.38778e-17,0.808491,-0.00357126,0,0.00432088,3.8053
0.096,-0.25,0.096,-1.38778e-17,0.809036,-0.00358531,0,0.00431682,3.78776
0.0965,-0.25,0.0965,-1.38778e-17,0.80958,-0.00359935,0,0.00431277,3.77021
0.097,-0.25,0.097,-1.47451e-17,0.810125,-0.0036134,0,0.00430871,3.75267
0.0975,-0.25,0.0975,-1.47451e-17,0.81067,-0.00362744,0,0.00430465,3.73513
0.098,-0.25,0.098,-1.51788e-17,0.811215,-0.00364149,0,0.00430059,3.71759
0.0985,-0.25,0.0985,-1.38778e-17,0.811759,-0.00365541,7.0823e-21,0.00429633,3.70056
0.099,-0.25,0.099,-1.38778e-17,0.812302,-0.00366908,2.97645e-20,0.00429163,3.68465
0.0995,-0.25,0.0995,-1.38778e-17,0.812844,-0.00368274,5.24468e-20,0.00428694,3.66875
0.1,-0.25,0.1,-1.38778e-17,0.813387,-0.0036964,7.5129e-20,0.00428224,3.65284
0.1005,-0.25,0.1005,-1.04083e-17,0.81393,-0.00371006,9.78113e-20,0.00427754,3.63694
0.101,-0.25,0.101,-1.04083e-17,0.814473,-0.00372372,1.20494e-19,0.00427284,3.62103
0.1015,-0.25,0.1015,-1.04083e-17,0.815015,-0.00373739,1.43176e-19,0.00426814,3.60512
0.102,-0.25,0.102,-1.04083e-17,0.815558,-0.00375105,1.65858e-19,0.00426344,3.58922
0.1025,-0.25,0.1025,-1.04083e-17,0.816101,-0.00376471,1.8854e-19,0.00425875,3.57331
0.103,-0.25,0.103,-1.04083e-17,0.816644,-0.00377837,2.11223e-19,0.00425405,3.55741
0.1035,-0.25,0.1035,-1.04083e-17,0.817186,-0.00379204,2.33905e-19,0.00424935,3.5415
0.104,-0.25,0.104,-6.93889e-18,0.817717,-0.00380575,2.56064e-19,0.00424476,3.52596
0.1045,-0.25,0.1045,-1.04083e-17,0.818209,-0.00381924,2.76518e-19,0.00424049,3.51159
0.105,-0.25,0.105,-1.38778e-17,0.818701,-0.00383274,2.96971e-19,0.00423623,3.49722
0.1055,-0.25,0.1055,-1.38778e-17,0.819193,-0.00384623,3.17424e-19,0.00423196,3.48285
0.106,-0.25,0.106,-1.73472e-17,0.819686,-0.00385972,3.37878e-19,0.0042277,3.46847
0.1065,-0.25,0.1065,-1.73472e-17,0.820178,-0.00387322,3.58331e-19,0.00422344,3.4541
0.107,-0.25,0.107,-1.73472e-17,0.82067,-0.00388671,3.78785e-19,0.00421917,3.43973
0.1075,-0.25,0.1075,-1.9082e-17,0.821162,-0.0039002,3.99238e-19,0.00421491,3.42536
0.108,-0.25,0.108,-1.9082e-17,0.821655,-0.0039137,4.19692e-19,0.00421065,3.41099
0.1085,-0.25,0.1085,-2.1684e-17,0.822147,-0.00392719,4.40145e-19,0.00420638,3.39661
0.109,-0.25,0.109,-2.42861e-17,0.822639,-0.00394068,4.60599e-19,0.00420212,3.38224
0.1095,-0.25,0.1095,-2.38524e-17,0.823131,-0.00395418,4.81052e-19,0.00419786,3.36787
0.11,-0.25,0.11,-2.60209e-17,0.823623,-0.00396767,5.01506e-19,0.00419359,3.3535
0.1105,-0.25,0.1105,-2.77556e-17,0.824114,-0.0039808,4.74974e-19,0.00418876,3.34042
0.111,-0.25,0.111,-2.77556e-17,0.824604,-0.0039939,4.45388e-19,0.00418389,3.32742
0.1115,-0.25,0.1115,-3.46945e-17,0.825094,-0.00400701,4.15803e-19,0.00417902,3.31442
0.112,-0.25,0.112,-3.46945e-17,0.825585,-0.00402011,3.86217e-19,0.00417415,3.30142
0.1125,-0.25,0.1125,-3.46945e-17,0.826075,-0.00403322,3.56632e-19,0.00416928,3.28842
0.113,-0.25,0.113,-3.81639e-17,0.826565,-0.00404632,3.27046e-19,0.00416441,3.27542
0.1135,-0.25,0.1135,-3.81639e-17,0.827055,-0.00405942,2.97461e-19,0.00415954,3.26242
0.114,-0.25,0.114,-3.81639e-17,0.827546,-0.00407253,2.67875e-19,0.00415467,3.24942
0.1145,-0.25,0.1145,-4.51028e-17,0.828036,-0.00408563,2.38289e-19,0.0041498,3.23642
0.115,-0.25,0.115,-4.16334e-17,0.828526,-0.00409874,2.08704e-19,0.00414493,3.22342
0.1155,-0.25,0.1155,-4.51028e-17,0.829016,-0.00411184,1.79118e-19,0.00414006,3.21043
0.116,-0.25,0.116,-4.85723e-17,0.829507,-0.00412494,1.49533e-19,0.00413519,3.19743
0.1165,-0.25,0.1165,-4.85723e-17,0.829968,-0.00413805,1.24e-19,0.00413061,3.18523
0.117,-0.25,0.117,-4.85723e-17,0.830412,-0.00415102,9.81308e-20,0.0041262,3.17348
0.1175,-0.25,0.1175,-5.20417e-17,0.830857,-0.00416398,7.22619e-20,0.00412178,3.16173
0.118,-0.25,0.118,-5.20417e-17,0.831302,-0.00417695,4.63929e-20,0.00411737,3.14998
0.1185,-0.25,0.1185,-5.55112e-17,0.831746,-0.00418991,2.0524e-20,0.00411295,3.13823
0.119,-0.25,0.119,-5.37764e-17,0.832191,-0.00420288,-5.34491e-21,0.00410853,3.12649
0.1195,-0.25,0.1195,-5.72459e-17,0.832636,-0.00421584,-3.12138e-20,0.00410412,3.11474
0.12,-0.25,0.12,-5.89806e-17,0.83308,-0.00422881,-5.70828e-20,0.0040997,3.10299
0.1205,-0.25,0.1205,-5.89806e-17,0.833525,-0.00424177,-8.29517e-20,0.00409529,3.09124
0.121,-0.25,0.121,-5.72459e-17,0.833969,-0.00425474,-1.08821e-19,0.00409087,3.07949
0.1215,-0.25,0.1215,-6.07153e-17,0.834414,-0.0042677,-1.3469e-19,0.00408646,3.06774
0.122,-0.25,0.122,-6.15827e-17,0.834859,-0.00428067,-1.60558e-19,0.00408204,3.05599
0.1225,-0.25,0.1225,-5.89806e-17,0.835303,-0.00429364,-1.86427e-19,0.00407763,3.04424
0.123,-0.25,0.123,-5.96853e-17,0.835748,-0.0043066,-2.12296e-19,0.00407321,3.03249
0.1235,-0.25,0.1235,-5.89806e-17,0.836191,-0.00431915,-2.12889e-19,0.00406821,3.02188
0.124,-0.25,0.124,-5.89806e-17,0.836635,-0.0043317,-2.1294e-19,0.00406319,3.0113
0.1245,-0.25,0.1245,-5.89806e-17,0.837078,-0.00434424,-2.1299e-19,0.00405817,3.00071
0.125,-0.25,0.125,-5.20417e-17,0.837521,-0.00435679,-2.13041e-19,0.00405316,2.99013
0.1255,-0.25,0.1255,-5.20417e-17,0.837965,-0.00436933,-2.13092e-19,0.00404814,2.97954
0.126,-0.25,0.126,-4.85723e-17,0.838408,-0.00438188,-2.13142e-19,0.00404312,2.96896
0.1265,-0.25,0.1265,-4.85723e-17,0.838851,-0.00439442,-2.13193e-19,0.0040381,2.95837
0.127,-0.25,0.127,-4.51028e-17,0.839295,-0.00440697,-2.13244e-19,0.00403309,2.94778
0.1275,-0.25,0.1275,-4.16334e-17,0.839738,-0.00441951,-2.13294e-19,0.00402807,2.9372
0.128,-0.25,0.128,-3.81639e-17,0.840181,-0.00443205,-2.13345e-19,0.00402305,2.92661
0.1285,-0.25,0.1285,-3.81639e-17,0.840625,-0.0044446,-2.13396e-19,0.00401803,2.91603
0.129,-0.25,0.129,-3.81639e-17,0.841068,-0.00445714,-2.13447e-19,0.00401302,2.90544
0.1295,-0.25,0.1295,-2.77556e-17,0.841511,-0.00446969,-2.13497e-19,0.004008,2.89486
0.13,-0.25,0.13,-2.77556e-17,0.841941,-0.00448229,-2.16731e-19,0.00400313,2.8846
0.1305,-0.25,0.1305,-2.42861e-17,0.842343,-0.00449472,-2.16706e-19,0.00399859,2.87502
0.131,-0.25,0.131,-2.42861e-17,0.842746,-0.00450715,-2.16682e-19,0.00399404,2.86545
0.1315,-0.25,0.1315,-2.42861e-17,0.843148,-0.00451958,-2.16657e-19,0.00398949,2.85588
0.132,-0.25,0.132,-2.08167e-17,0.84355,-0.00453201,-2.16632e-19,0.00398495,2.84631
0.1325,-0.25,0.1325,-2.08167e-17,0.843952,-0.00454444,-2.16607e-19,0.0039804,2.83674
0.133,-0.25,0.133,-2.42861e-17,0.844354,-0.00455687,-2.16583e-19,0.00397585,2.82717
0.1335,-0.25,0.1335,-1.9082e-17,0.844756,-0.00456931,-2.16558e-19,0.00397131,2.8176
0.134,-0.25,0.134,-1.9082e-17,0.845158,-0.00458174,-2.16533e-19,0.00396676,2.80802
0.1345,-0.25,0.1345,-1.9082e-17,0.84556,-0.00459417,-2.16509e-19,0.00396222,2.79845
0.135,-0.25,0.135,-1.38778e-17,0.845962,-0.0046066,-2.16484e-19,0.00395767,2.78888
0.1355,-0.25,0.1355,-1.30104e-17,0.846365,-0.00461903,-2.16459e-19,0.00395312,2.77931
0.136,-0.25,0.136,-1.21431e-17,0.846767,-0.00463146,-2.16434e-19,0.00394858,2.76974
0.1365,-0.25,0.1365,-1.0842e-17,0.847169,-0.00464389,-2.1641e-19,0.00394403,2.76017
0.137,-0.25,0.137,-8.89046e-18,0.847571,-0.00465632,-2.16385e-19,0.00393948,2.75059
0.1375,-0.25,0.1375,-1.04083e-17,0.847973,-0.00466868,-2.15283e-19,0.00393485,2.74115
0.138,-0.25,0.138,-1.04083e-17,0.848374,-0.00468063,-2.07882e-19,0.00392969,2.73247
0.1385,-0.25,0.1385,-1.04083e-17,0.848776,-0.00469258,-2.00481e-19,0.00392453,2.72379
0.139,-0.25,0.139,-1.38778e-17,0.849177,-0.00470453,-1.9308e-19,0.00391937,2.7151
0.1395,-0.25,0.1395,-1.38778e-17,0.849579,-0.00471648,-1.85679e-19,0.00391421,2.70642
0.14,-0.25,0.14,-1.73472e-17,0.84998,-0.00472843,-1.78278e-19,0.00390905,2.69774
0.1405,-0.25,0.1405,-1.38778e-17,0.850382,-0.00474037,-1.70878e-19,0.00390389,2.68905
0.141,-0.25,0.141,-1.73472e-17,0.850784,-0.00475232,-1.63477e-19,0.00389873,2.68037
0.1415,-0.25,0.1415,-2.08167e-17,0.851185,-0.00476427,-1.56076e-19,0.00389357,2.67169
0.142,-0.25,0.142,-2.08167e-17,0.851587,-0.00477622,-1.48675e-19,0.0038884,2.663
0.1425,-0.25,0.1425,-1.73472e-17,0.851988,-0.00478817,-1.41274e-19,0.00388324,2.65432
0.143,-0.25,0.143,-2.42861e-17,0.85239,-0.00480012,-1.33873e-19,0.00387808,2.64564
0.1435,-0.25,0.1435,-2.08167e-17,0.852791,-0.00481207,-1.26472e-19,0.00387292,2.63695
0.144,-0.25,0.144,-1.73472e-17,0.853193,-0.00482401,-1.19071e-19,0.00386776,2.62827
0.1445,-0.25,0.1445,-1.73472e-17,0.853594,-0.00483596,-1.11671e-19,0.0038626,2.61959
0.145,-0.25,0.145,-2.08167e-17,0.853994,-0.00484794,-1.03771e-19,0.00385747,2.61094
0.1455,-0.25,0.1455,-2.08167e-17,0.854361,-0.00485986,-9.66258e-20,0.00385276,2.60303
0.146,-0.25,0.146,-2.08167e-17,0.854725,-0.00487172,-9.05403e-20,0.00384808,2.59517
0.1465,-0.25,0.1465,-1.73472e-17,0.855089,-0.00488358,-8.44547e-20,0.00384341,2.58732
0.147,-0.25,0.147,-2.08167e-17,0.855454,-0.00489544,-7.83691e-20,0.00383873,2.57946
0.1475,-0.25,0.1475,-1.73472e-17,0.855818,-0.0049073,-7.22836e-20,0.00383406,2.57161
0.148,-0.25,0.148,-1.38778e-17,0.856182,-0.00491916,-6.6198e-20,0.00382939,2.56375
0.1485,-0.25,0.1485,-1.73472e-17,0.856546,-0.00493102,-6.01124e-20,0.00382471,2.5559
0.149,-0.25,0.149,-1.56125e-17,0.856911,-0.00494288,-5.40269e-20,0.00382004,2.54804
0.1495,-0.25,0.1495,-1.73472e-17,0.857275,-0.00495474,-4.79413e-20,0.00381536,2.54019
0.15,-0.25,0.15,-1.73472e-17,0.857639,-0.0049666,-4.18557e-20,0.00381069,2.53233
0.1505,-0.25,0.1505,-1.9082e-17,0.858003,-0.00497846,-3.57702e-20,0.00380601,2.52448
0.151,-0.25,0.151,-2.25514e-17,0.858368,-0.00499032,-2.96846e-20,0.00380134,2.51662
0.1515,-0.25,0.1515,-2.68882e-17,0.858732,-0.00500218,-2.3599e-20,0.00379667,2.50877
0.152,-0.25,0.152,-2.42861e-17,0.859096,-0.00501404,-1.75134e-20,0.00379199,2.50091
0.1525,-0.25,0.1525,-2.51535e-17,0.85946,-0.0050259,-1.14279e-20,0.00378732,2.49306
0.153,-0.25,0.153,-2.60209e-17,0.859825,-0.00503776,-5.34231e-21,0.00378264,2.4852
0.1535,-0.25,0.1535,-2.77556e-17,0.860189,-0.00504955,0,0.00377789,2.47741
0.154,-0.25,0.154,-2.42861e-17,0.860553,-0.00506084,0,0.0037726,2.47006
0.1545,-0.25,0.1545,-2.77556e-17,0.860916,-0.00507213,0,0.0037673,2.46271
0.155,-0.25,0.155,-2.77556e-17,0.86128,-0.00508342,0,0.00376201,2.45535
0.1555,-0.25,0.1555,-2.42861e-17,0.861644,-0.00509471,0,0.00375671,2.448
0.156,-0.25,0.156,-2.77556e-17,0.862007,-0.005106,0,0.00375141,2.44065
0.1565,-0.25,0.1565,-2.77556e-17,0.862371,-0.00511729,0,0.00374612,2.4333
0.157,-0.25,0.157,-2.77556e-17,0.862735,-0.00512859,0,0.00374082,2.42595
0.1575,-0.25,0.1575,-2.42861e-17,0.863098,-0.00513988,0,0.00373553,2.4186
0.158,-0.25,0.158,-2.42861e-17,0.863462,-0.00515117,0,0.00373023,2.41125
0.1585,-0.25,0.1585,-2.42861e-17,0.863826,-0.00516246,0,0.00372494,2.4039
0.159,-0.25,0.159,-2.77556e-17,0.864189,-0.00517375,0,0.00371964,2.39655
0.1595,-0.25,0.1595,-2.42861e-17,0.864553,-0.00518504,0,0.00371434,2.3892
0.16,-0.25,0.16,-2.08167e-17,0.864917,-0.00519633,0,0.00370905,2.38185
0.1605,-0.25,0.1605,-2.42861e-17,0.86528,-0.00520762,0,0.00370375,2.37449
0.161,-0.25,0.161,-2.08167e-17,0.865644,-0.00521891,0,0.00369846,2.36714
0.1615,-0.25,0.1615,-2.08167e-17,0.866008,-0.00523021,0,0.00369316,2.35979
0.162,-0.25,0.162,-2.08167e-17,0.866362,-0.00524157,0,0.003688,2.35263
0.1625,-0.25,0.1625,-2.08167e-17,0.866692,-0.0052528,0,0.00368321,2.34598
0.163,-0.25,0.163,-2.08167e-17,0.867022,-0.00526402,0,0.00367841,2.33933
0.1635,-0.25,0.1635,-2.42861e-17,0.867352,-0.00527525,0,0.00367361,2.33268
0.164,-0.25,0.164,-2.08167e-17,0.867682,-0.00528648,0,0.00366882,2.32603
0.1645,-0.25,0.1645,-2.77556e-17,0.868012,-0.00529771,0,0.00366402,2.31937
0.165,-0.25,0.165,-3.1225e-17,0.868342,-0.00530894,0,0.00365922,2.31272
0.1655,-0.25,0.1655,-3.1225e-17,0.868672,-0.00532017,0,0.00365443,2.30607
0.166,-0.25,0.166,-3.29597e-17,0.869002,-0.0053314,0,0.00364963,2.29942
0.1665,-0.25,0.1665,-3.64292e-17,0.869332,-0.00534262,0,0.00364484,2.29276
0.167,-0.25,0.167,-3.29597e-17,0.869662,-0.00535385,0,0.00364004,2.28611
0.1675,-0.25,0.1675,-3.29597e-17,0.869992,-0.00536508,0,0.00363524,2.27946
0.168,-0.25,0.168,-3.29597e-17,0.870322,-0.00537631,0,0.00363045,2.27281
0.1685,-0.25,0.1685,-3.1225e-17,0.870652,-0.00538754,0,0.00362565,2.26615
0.169,-0.25,0.169,-2.94903e-17,0.870982,-0.00539877,0,0.00362085,2.2595
0.1695,-0.25,0.1695,-3.1225e-17,0.871312,-0.00540999,0,0.00361606,2.25285
0.17,-0.25,0.17,-2.94903e-17,0.871642,-0.00542122,0,0.00361126,2.2462
0.1705,-0.25,0.1705,-2.75387e-17,0.871972,-0.00543245,0,0.00360646,2.23955
0.171,-0.25,0.171,-2.5804e-17,0.872302,-0.00544368,0,0.00360167,2.23289
0.1715,-0.25,0.1715,-2.77556e-17,0.872631,-0.00545453,0,0.00359653,2.22638
0.172,-0.25,0.172,-3.1225e-17,0.872959,-0.00546508,0,0.00359112,2.21997
0.1725,-0.25,0.1725,-2.77556e-17,0.873288,-0.00547564,0,0.0035857,2.21357
0.173,-0.25,0.173,-2.77556e-17,0.873616,-0.00548619,0,0.00358029,2.20716
0.1735,-0.25,0.1735,-2.42861e-17,0.873944,-0.00549674,0,0.00357488,2.20076
0.174,-0.25,0.174,-2.42861e-17,0.874272,-0.00550729,0,0.00356946,2.19435
0.1745,-0.25,0.1745,-2.08167e-17,0.8746,-0.00551784,0,0.00356405,2.18795
0.175,-0.25,0.175,-2.08167e-17,0.874929,-0.0055284,0,0.00355864,2.18154
0.1755,-0.25,0.1755,-2.08167e-17,0.875257,-0.00553895,0,0.00355322,2.17514
0.176,-0.25,0.176,-2.08167e-17,0.875585,-0.0055495,0,0.00354781,2.16873
0.1765,-0.25,0.1765,-2.08167e-17,0.875913,-0.00556005,0,0.0035424,2.16233
0.177,-0.25,0.177,-2.08167e-17,0.876241,-0.0055706,0,0.00353698,2.15592
0.1775,-0.25,0.1775,-2.77556e-17,0.87657,-0.00558115,0,0.00353157,2.14952
0.178,-0.25,0.178,-2.77556e-17,0.876898,-0.00559171,0,0.00352616,2.14311
0.1785,-0.25,0.1785,-2.77556e-17,0.877226,-0.00560226,0,0.00352074,2.13671
0.179,-0.25,0.179,-2.77556e-17,0.877554,-0.00561281,0,0.00351533,2.1303
0.1795,-0.25,0.1795,-3.1225e-17,0.877882,-0.00562336,0,0.00350992,2.1239
0.18,-0.25,0.18,-3.1225e-17,0.878211,-0.00563391,0,0.0035045,2.11749
0.1805,-0.25,0.1805,-3.46945e-17,0.878539,-0.00564447,0,0.00349909,2.11109
0.181,-0.25,0.181,-3.1225e-17,0.878842,-0.00565507,0,0.00349411,2.1052
0.1815,-0.25,0.1815,-3.46945e-17,0.879139,-0.00566559,0,0.0034892,2.0994
0.182,-0.25,0.182,-3.46945e-17,0.879437,-0.00567611,0,0.0034843,2.09361
0.1825,-0.25,0.1825,-3.81639e-17,0.879735,-0.00568663,0,0.0034794,2.08781
0.183,-0.25,0.183,-3.46945e-17,0.880033,-0.00569715,0,0.00347449,2.08201
0.1835,-0.25,0.1835,-3.81639e-17,0.880331,-0.00570767,0,0.00346959,2.07621
0.184,-0.25,0.184,-3.81639e-17,0.880629,-0.00571819,0,0.00346469,2.07042
0.1845,-0.25,0.1845,-4.51028e-17,0.880927,-0.00572871,0,0.00345978,2.06462
0.185,-0.25,0.185,-4.33681e-17,0.881225,-0.00573923,0,0.00345488,2.05882
0.1855,-0.25,0.1855,-4.16334e-17,0.881523,-0.00574975,0,0.00344998,2.05302
0.186,-0.25,0.186,-3.98986e-17,0.881821,-0.00576027,0,0.00344507,2.04723
0.1865,-0.25,0.1865,-3.98986e-17,0.882119,-0.00577079,0,0.00344017,2.04143
0.187,-0.25,0.187,-3.81639e-17,0.882417,-0.00578131,0,0.00343527,2.03563
0.1875,-0.25,0.1875,-4.33681e-17,0.882715,-0.00579183,0,0.00343036,2.02984
0.188,-0.25,0.188,-4.59702e-17,0.883013,-0.00580235,0,0.00342546,2.02404
0.1885,-0.25,0.1885,-4.42354e-17,0.883311,-0.00581286,0,0.00342056,2.01824
0.189,-0.25,0.189,-4.33681e-17,0.883609,-0.00582338,0,0.00341565,2.01244
0.1895,-0.25,0.1895,-4.16334e-17,0.883906,-0.0058339,0,0.00341075,2.00665
0.19,-0.25,0.19,-3.98986e-17,0.884204,-0.00584442,0,0.00340585,2.00085
0.1905,-0.25,0.1905,-4.18502e-17,0.884502,-0.00585494,0,0.00340094,1.99505
0.191,-0.25,0.191,-3.81639e-17,0.8848,-0.00586542,0,0.00339601,1.98928
0.1915,-0.25,0.1915,-3.46945e-17,0.885096,-0.00587514,0,0.00339046,1.98406
0.192,-0.25,0.192,-3.46945e-17,0.885391,-0.00588485,0,0.00338491,1.97884
0.1925,-0.25,0.1925,-3.1225e-17,0.885687,-0.00589457,0,0.00337937,1.97362
0.193,-0.25,0.193,-3.1225e-17,0.885982,-0.00590428,0,0.00337382,1.9684
0.1935,-0.25,0.1935,-3.1225e-17,0.886278,-0.005914,0,0.00336827,1.96318
0.194,-0.25,0.194,-3.1225e-17,0.886573,-0.00592372,0,0.00336272,1.95796
0.1945,-0.25,0.1945,-3.1225e-17,0.886869,-0.00593343,0,0.00335718,1.95274
0.195,-0.25,0.195,-3.46945e-17,0.887164,-0.00594315,0,0.00335163,1.94751
0.1955,-0.25,0.1955,-3.1225e-17,0.88746,-0.00595286,0,0.00334608,1.94229
0.196,-0.25,0.196,-3.46945e-17,0.887755,-0.00596258,0,0.00334053,1.93707
0.1965,-0.25,0.1965,-3.1225e-17,0.888051,-0.00597229,0,0.00333499,1.93185
0.197,-0.25,0.197,-3.1225e-17,0.888346,-0.00598201,0,0.00332944,1.92663
0.1975,-0.25,0.1975,-3.1225e-17,0.888642,-0.00599173,0,0.00332389,1.92141
0.198,-0.25,0.198,-3.1225e-17,0.888937,-0.00600144,0,0.00331835,1.91619
0.1985,-0.25,0.1985,-3.1225e-17,0.889233,-0.00601116,0,0.0033128,1.91097
0.199,-0.25,0.199,-3.46945e-17,0.889528,-0.00602087,0,0.00330725,1.90574
0.1995,-0.25,0.1995,-3.1225e-17,0.889824,-0.00603059,0,0.0033017,1.90052
0.2,-0.25,0.2,-3.1225e-17,0.890119,-0.0060403,0,0.00329616,1.8953
0.2005,-0.25,0.2005,-3.46945e-17,0.890415,-0.00605002,0,0.00329061,1.89008
0.201,-0.25,0.201,-3.46945e-17,0.890711,-0.00605974,0,0.00328506,1.88486
0.2015,-0.25,0.2015,-3.46945e-17,0.890999,-0.00606953,0,0.00327965,1.87977
0.202,-0.25,0.202,-3.46945e-17,0.891267,-0.00607925,0,0.00327463,1.87504
0.2025,-0.25,0.2025,-3.46945e-17,0.891536,-0.00608897,0,0.0032696,1.87032
0.203,-0.25,0.203,-3.46945e-17,0.891804,-0.00609869,0,0.00326457,1.86559
0.2035,-0.25,0.2035,-3.81639e-17,0.892072,-0.00610841,0,0.00325955,1.86086
0.204,-0.25,0.204,-3.81639e-17,0.892341,-0.00611813,0,0.00325452,1.85613
0.2045,-0.25,0.2045,-3.81639e-17,0.892609,-0.00612785,0,0.00324949,1.85141
0.205,-0.25,0.205,-3.81639e-17,0.892878,-0.00613757,0,0.00324447,1.84668
0.2055,-0.25,0.2055,-3.81639e-17,0.893146,-0.00614729,0,0.00323944,1.84195
0.206,-0.25,0.206,-3.64292e-17,0.893414,-0.00615701,0,0.00323442,1.83723
0.2065,-0.25,0.2065,-3.81639e-17,0.893683,-0.00616673,0,0.00322939,1.8325
0.207,-0.25,0.207,-3.81639e-17,0.893951,-0.00617645,0,0.00322436,1.82777
0.2075,-0.25,0.2075,-3.98986e-17,0.894219,-0.00618617,0,0.00321934,1.82304
0.208,-0.25,0.208,-4.16334e-17,0.894488,-0.00619589,0,0.00321431,1.81832
0.2085,-0.25,0.2085,-4.16334e-17,0.894756,-0.00620561,0,0.00320928,1.81359
0.209,-0.25,0.209,-4.51028e-17,0.895025,-0.00621533,0,0.00320426,1.80886
0.2095,-0.25,0.2095,-4.51028e-17,0.895293,-0.00622505,0,0.00319923,1.80413
0.21,-0.25,0.21,-4.33681e-17,0.895561,-0.00623477,0,0.0031942,1.79941
0.2105,-0.25,0.2105,-4.51028e-17,0.89583,-0.00624449,0,0.00318918,1.79468
0.211,-0.25,0.211,-4.42354e-17,0.896098,-0.00625421,0,0.00318415,1.78995
0.2115,-0.25,0.2115,-4.55365e-17,0.896367,-0.00626393,0,0.00317913,1.78522
0.212,-0.25,0.212,-4.33681e-17,0.896635,-0.00627365,0,0.0031741,1.7805
0.2125,-0.25,0.2125,-4.4886e-17,0.896903,-0.00628337,0,0.00316907,1.77577
0.213,-0.25,0.213,-4.16334e-17,0.897171,-0.00629293,0,0.00316393,1.77114
0.2135,-0.25,0.2135,-4.51028e-17,0.897438,-0.00630173,0,0.00315823,1.76701
0.214,-0.25,0.214,-4.51028e-17,0.897705,-0.00631053,0,0.00315252,1.76288
0.2145,-0.25,0.2145,-4.51028e-17,0.897971,-0.00631933,0,0.00314682,1.75875
0.215,-0.25,0.215,-4.51028e-17,0.898238,-0.00632813,0,0.00314112,1.75462
0.2155,-0.25,0.2155,-4.16334e-17,0.898505,-0.00633693,0,0.00313541,1.75049
0.216,-0.25,0.216,-4.51028e-17,0.898772,-0.00634572,0,0.00312971,1.74636
0.2165,-0.25,0.2165,-4.51028e-17,0.899038,-0.00635452,0,0.00312401,1.74223
0.217,-0.25,0.217,-4.16334e-17,0.899305,-0.00636332,0,0.0031183,1.7381
0.2175,-0.25,0.2175,-4.51028e-17,0.899572,-0.00637212,0,0.0031126,1.73397
0.218,-0.25,0.218,-4.51028e-17,0.899838,-0.00638092,0,0.0031069,1.72984
0.2185,-0.25,0.2185,-4.51028e-17,0.900105,-0.00638972,0,0.0031012,1.72571
0.219,-0.25,0.219,-4.51028e-17,0.900372,-0.00639852,0,0.00309549,1.72158
0.2195,-0.25,0.2195,-4.51028e-17,0.900638,-0.00640732,0,0.00308979,1.71745
0.22,-0.25,0.22,-4.51028e-17,0.900905,-0.00641612,0,0.00308409,1.71331
0.2205,-0.25,0.2205,-4.16334e-17,0.901172,-0.00642491,0,0.00307838,1.70918
0.221,-0.25,0.221,-4.16334e-17,0.901438,-0.00643371,0,0.00307268,1.70505
0.2215,-0.25,0.2215,-4.51028e-17,0.901705,-0.00644251,0,0.00306698,1.70092
0.222,-0.25,0.222,-4.51028e-17,0.901972,-0.00645131,0,0.00306127,1.69679
0.2225,-0.25,0.2225,-4.51028e-17,0.902238,-0.00646011,0,0.00305557,1.69266
0.223,-0.25,0.223,-4.51028e-17,0.902505,-0.00646891,0,0.00304987,1.68853
0.2235,-0.25,0.2235,-4.51028e-17,0.902772,-0.00647771,0,0.00304417,1.6844
0.224,-0.25,0.224,-4.51028e-17,0.903038,-0.00648651,0,0.00303846,1.68027
0.2245,-0.25,0.2245,-4.48589e-17,0.903302,-0.00649536,0,0.00303284,1.67619
0.225,-0.25,0.225,-4.51028e-17,0.903545,-0.00650423,0,0.00302764,1.67243
0.2255,-0.25,0.2255,-4.16334e-17,0.903788,-0.00651308,0,0.00302247,1.66869
0.226,-0.25,0.226,-4.16334e-17,0.90403,-0.00652192,0,0.0030173,1.66494
0.2265,-0.25,0.2265,-4.16334e-17,0.904272,-0.00653077,0,0.00301213,1.6612
0.227,-0.25,0.227,-4.16334e-17,0.904515,-0.00653961,0,0.00300696,1.65746
0.2275,-0.25,0.2275,-4.16334e-17,0.904757,-0.00654846,0,0.00300179,1.65371
0.228,-0.25,0.228,-3.81639e-17,0.904999,-0.00655731,0,0.00299662,1.64997
0.2285,-0.25,0.2285,-3.81639e-17,0.905242,-0.00656615,0,0.00299144,1.64623
0.229,-0.25,0.229,-3.81639e-17,0.905484,-0.006575,0,0.00298627,1.64249
0.2295,-0.25,0.2295,-3.64292e-17,0.905726,-0.00658384,0,0.0029811,1.63874
0.23,-0.25,0.23,-3.46945e-17,0.905969,-0.00659269,0,0.00297593,1.635
0.2305,-0.25,0.2305,-3.29597e-17,0.906211,-0.00660153,0,0.00297076,1.63126
0.231,-0.25,0.231,-3.46945e-17,0.906453,-0.00661038,0,0.00296559,1.62751
0.2315,-0.25,0.2315,-3.64292e-17,0.906696,-0.00661923,0,0.00296042,1.62377
0.232,-0.25,0.232,-3.81639e-17,0.906938,-0.00662807,0,0.00295525,1.62003
0.2325,-0.25,0.2325,-3.64292e-17,0.90718,-0.00663692,0,0.00295008,1.61629
0.233,-0.25,0.233,-3.81639e-17,0.907423,-0.00664576,0,0.00294491,1.61254
0.2335,-0.25,0.2335,-4.33681e-17,0.907665,-0.00665461,0,0.00293974,1.6088
0.234,-0.25,0.234,-4.42354e-17,0.907907,-0.00666346,0,0.00293457,1.60506
0.2345,-0.25,0.2345,-4.33681e-17,0.90815,-0.0066723,0,0.0029294,1.60132
0.235,-0.25,0.235,-4.33681e-17,0.908392,-0.00668115,0,0.00292423,1.59757
0.2355,-0.25,0.2355,-4.64039e-17,0.908634,-0.00668999,0,0.00291906,1.59383
0.236,-0.25,0.236,-4.64039e-17,0.908877,-0.00669884,0,0.00291389,1.59009
0.2365,-0.25,0.2365,-4.6187e-17,0.909119,-0.00670768,0,0.00290872,1.58634
0.237,-0.25,0.237,-4.96565e-17,0.909361,-0.00671653,0,0.00290355,1.5826
0.2375,-0.25,0.2375,-4.85723e-17,0.909603,-0.00672493,0,0.00289808,1.57899
0.238,-0.25,0.238,-4.85723e-17,0.909844,-0.00673278,0,0.00289224,1.57556
0.2385,-0.25,0.2385,-4.85723e-17,0.910084,-0.00674062,0,0.00288639,1.57213
0.239,-0.25,0.239,-4.85723e-17,0.910325,-0.00674846,0,0.00288055,1.5687
0.2395,-0.25,0.2395,-4.85723e-17,0.910566,-0.00675631,0,0.00287471,1.56526
0.24,-0.25,0.24,-5.20417e-17,0.910806,-0.00676415,0,0.00286886,1.56183
0.2405,-0.25,0.2405,-5.20417e-17,0.911047,-0.00677199,0,0.00286302,1.5584
0.241,-0.25,0.241,-5.20417e-17,0.911288,-0.00677984,0,0.00285717,1.55496
0.2415,-0.25,0.2415,-5.55112e-17,0.911529,-0.00678768,0,0.00285133,1.55153
0.242,-0.25,0.242,-5.89806e-17,0.911769,-0.00679552,0,0.00284549,1.5481
0.2425,-0.25,0.2425,-5.89806e-17,0.91201,-0.00680337,0,0.00283964,1.54466
0.243,-0.25,0.243,-5.89806e-17,0.912251,-0.00681121,0,0.0028338,1.54123
0.2435,-0.25,0.2435,-5.89806e-17,0.912491,-0.00681905,0,0.00282795,1.5378
0.244,-0.25,0.244,-6.245e-17,0.912732,-0.0068269,0,0.00282211,1.53436
0.2445,-0.25,0.2445,-5.89806e-17,0.912973,-0.00683474,0,0.00281626,1.53093
0.245,-0.25,0.245,-5.89806e-17,0.913213,-0.00684258,0,0.00281042,1.5275
0.2455,-0.25,0.2455,-5.55112e-17,0.913454,-0.00685043,0,0.00280458,1.52407
0.246,-0.25,0.246,-5.55112e-17,0.913695,-0.00685827,0,0.00279873,1.52063
0.2465,-0.25,0.2465,-5.55112e-17,0.913935,-0.00686611,0,0.00279289,1.5172
0.247,-0.25,0.247,-5.20417e-17,0.914176,-0.00687396,0,0.00278704,1.51377
0.2475,-0.25,0.2475,-5.20417e-17,0.914417,-0.0068818,0,0.0027812,1.51033
0.248,-0.25,0.248,-5.20417e-17,0.914657,-0.00688964,0,0.00277536,1.5069
0.2485,-0.25,0.2485,-4.85723e-17,0.914898,-0.00689749,0,0.00276951,1.50347
0.249,-0.25,0.249,-4.85723e-17,0.915139,-0.00690533,0,0.00276367,1.50003
0.2495,-0.25,0.2495,-4.85723e-17,0.915379,-0.00691317,0,0.00275782,1.4966
0.25,-0.25,0.25,-4.51028e-17,0.91562,-0.00692102,0,0.00275198,1.49317
0.2505,-0.25,0.2505,-4.85723e-17,0.915843,-0.006929,0,0.00274657,1.48999
0.251,-0.25,0.251,-4.85723e-17,0.916062,-0.00693694,0,0.00274127,1.48688
0.2515,-0.25,0.2515,-4.85723e-17,0.916281,-0.00694487,0,0.00273596,1.48376
0.252,-0.25,0.252,-4.51028e-17,0.9165,-0.00695281,0,0.00273066,1.48065
0.2525,-0.25,0.2525,-4.51028e-17,0.916719,-0.00696074,0,0.00272536,1.47753
0.253,-0.25,0.253,-4.51028e-17,0.916938,-0.00696868,0,0.00272006,1.47442
0.2535,-0.25,0.2535,-4.51028e-17,0.917157,-0.00697661,0,0.00271475,1.47131
0.254,-0.25,0.254,-4.16334e-17,0.917376,-0.00698455,0,0.00270945,1.46819
0.2545,-0.25,0.2545,-4.16334e-17,0.917594,-0.00699248,0,0.00270415,1.46508
0.255,-0.25,0.255,-4.51028e-17,0.917813,-0.00700042,0,0.00269885,1.46196
0.2555,-0.25,0.2555,-3.98986e-17,0.918032,-0.00700835,0,0.00269354,1.45885
0.256,-0.25,0.256,-3.98986e-17,0.918251,-0.00701629,0,0.00268824,1.45573
0.2565,-0.25,0.2565,-3.81639e-17,0.91847,-0.00702422,0,0.00268294,1.45262
0.257,-0.25,0.257,-3.64292e-17,0.918689,-0.00703216,0,0.00267764,1.44951
0.2575,-0.25,0.2575,-3.46945e-17,0.918908,-0.00704009,0,0.00267233,1.44639
0.258,-0.25,0.258,-3.29597e-17,0.919127,-0.00704803,0,0.00266703,1.44328
0.2585,-0.25,0.2585,-3.46945e-17,0.919346,-0.00705597,0,0.00266173,1.44016
0.259,-0.25,0.259,-3.64292e-17,0.919564,-0.0070639,0,0.00265643,1.43705
0.2595,-0.25,0.2595,-3.98986e-17,0.919783,-0.00707184,0,0.00265112,1.43394
0.26,-0.25,0.26,-4.0766e-17,0.920002,-0.00707977,0,0.00264582,1.43082
0.2605,-0.25,0.2605,-3.98986e-17,0.920221,-0.00708771,0,0.00264052,1.42771
0.261,-0.25,0.261,-4.33681e-17,0.92044,-0.00709564,0,0.00263522,1.42459
0.2615,-0.25,0.2615,-4.25007e-17,0.920659,-0.00710358,0,0.00262991,1.42148
0.262,-0.25,0.262,-4.0766e-17,0.920878,-0.00711151,0,0.00262461,1.41836
0.2625,-0.25,0.2625,-4.29344e-17,0.921097,-0.00711945,0,0.00261931,1.41525
0.263,-0.25,0.263,-4.42354e-17,0.921316,-0.00712738,0,0.002614,1.41214
0.2635,-0.25,0.2635,-4.6187e-17,0.921535,-0.00713532,0,0.0026087,1.40902
0.264,-0.25,0.264,-4.46691e-17,0.921753,-0.00714325,0,0.0026034,1.40591
0.2645,-0.25,0.2645,-4.16334e-17,0.921972,-0.00715086,0,0.0025979,1.40285
0.265,-0.25,0.265,-4.16334e-17,0.922188,-0.00715774,0,0.00259197,1.39991
0.2655,-0.25,0.2655,-4.51028e-17,0.922404,-0.00716462,0,0.00258605,1.39696
0.266,-0.25,0.266,-4.51028e-17,0.92262,-0.00717151,0,0.00258012,1.39402
0.2665,-0.25,0.2665,-4.85723e-17,0.922837,-0.00717839,0,0.0025742,1.39108
0.267,-0.25,0.267,-4.51028e-17,0.923053,-0.00718528,0,0.00256827,1.38814
0.2675,-0.25,0.2675,-4.85723e-17,0.923269,-0.00719216,0,0.00256235,1.38519
0.268,-0.25,0.268,-5.20417e-17,0.923486,-0.00719905,0,0.00255642,1.38225
0.2685,-0.25,0.2685,-5.20417e-17,0.923702,-0.00720593,0,0.0025505,1.37931
0.269,-0.25,0.269,-4.85723e-17,0.923918,-0.00721281,0,0.00254457,1.37637
0.2695,-0.25,0.2695,-5.20417e-17,0.924134,-0.0072197,0,0.00253864,1.37342
0.27,-0.25,0.27,-5.20417e-17,0.924351,-0.00722658,0,0.00253272,1.37048
0.2705,-0.25,0.2705,-5.20417e-17,0.924567,-0.00723347,0,0.00252679,1.36754
0.271,-0.25,0.271,-5.20417e-17,0.924783,-0.00724035,0,0.00252087,1.3646
0.2715,-0.25,0.2715,-4.85723e-17,0.925,-0.00724723,0,0.00251494,1.36165
0.272,-0.25,0.272,-4.85723e-17,0.925216,-0.00725412,0,0.00250902,1.35871
0.2725,-0.25,0.2725,-4.51028e-17,0.925432,-0.007261,0,0.00250309,1.35577
0.273,-0.25,0.273,-4.51028e-17,0.925648,-0.00726789,0,0.00249717,1.35283
0.2735,-0.25,0.2735,-4.51028e-17,0.925865,-0.00727477,0,0.00249124,1.34988
0.274,-0.25,0.274,-4.51028e-17,0.926081,-0.00728165,0,0.00248531,1.34694
0.2745,-0.25,0.2745,-3.81639e-17,0.926297,-0.00728854,0,0.00247939,1.344
0.275,-0.25,0.275,-3.81639e-17,0.926514,-0.00729542,0,0.00247346,1.34106
0.2755,-0.25,0.2755,-3.81639e-17,0.92673,-0.00730231,0,0.00246754,1.33811
0.276,-0.25,0.276,-3.46945e-17,0.926946,-0.00730919,0,0.00246161,1.33517
0.2765,-0.25,0.2765,-3.46945e-17,0.927162,-0.00731608,0,0.00245569,1.33223
0.277,-0.25,0.277,-3.46945e-17,0.927379,-0.00732296,0,0.00244976,1.32929
0.2775,-0.25,0.2775,-3.1225e-17,0.927595,-0.00732984,0,0.00244384,1.32634
0.278,-0.25,0.278,-3.46945e-17,0.927811,-0.00733673,0,0.00243791,1.3234
0.2785,-0.25,0.2785,-3.1225e-17,0.928027,-0.00734362,0,0.002432,1.32047
0.279,-0.25,0.279,-3.1225e-17,0.928228,-0.00735067,0,0.00242652,1.31774
0.2795,-0.25,0.2795,-3.46945e-17,0.928424,-0.00735769,0,0.00242113,1.31507
0.28,-0.25,0.28,-3.1225e-17,0.928621,-0.00736471,0,0.00241575,1.3124
0.2805,-0.25,0.2805,-3.46945e-17,0.928818,-0.00737172,0,0.00241037,1.30972
0.281,-0.25,0.281,-3.1225e-17,0.929015,-0.00737874,0,0.00240498,1.30705
0.2815,-0.25,0.2815,-3.1225e-17,0.929212,-0.00738576,0,0.0023996,1.30438
0.282,-0.25,0.282,-3.46945e-17,0.929409,-0.00739278,0,0.00239422,1.3017
0.2825,-0.25,0.2825,-3.1225e-17,0.929606,-0.0073998,0,0.00238884,1.29903
0.283,-0.25,0.283,-3.1225e-17,0.929803,-0.00740682,0,0.00238345,1.29636
0.2835,-0.25,0.2835,-3.46945e-17,0.93,-0.00741384,0,0.00237807,1.29369
0.284,-0.25,0.284,-3.46945e-17,0.930197,-0.00742086,0,0.00237269,1.29101
0.2845,-0.25,0.2845,-3.46945e-17,0.930394,-0.00742788,0,0.00236731,1.28834
0.285,-0.25,0.285,-3.29597e-17,0.930591,-0.0074349,0,0.00236192,1.28567
0.2855,-0.25,0.2855,-3.46945e-17,0.930787,-0.00744192,0,0.00235654,1.28299
0.286,-0.25,0.286,-3.29597e-17,0.930984,-0.00744894,0,0.00235116,1.28032
0.2865,-0.25,0.2865,-3.29597e-17,0.931181,-0.00745596,0,0.00234578,1.27765
0.287,-0.25,0.287,-3.29597e-17,0.931378,-0.00746298,0,0.00234039,1.27498
0.2875,-0.25,0.2875,-3.29597e-17,0.931575,-0.00747,0,0.00233501,1.2723
0.288,-0.25,0.288,-3.29597e-17,0.931772,-0.00747702,0,0.00232963,1.26963
0.2885,-0.25,0.2885,-3.29597e-17,0.931969,-0.00748404,0,0.00232425,1.26696
0.289,-0.25,0.289,-3.29597e-17,0.932166,-0.00749106,0,0.00231886,1.26428
0.2895,-0.25,0.2895,-3.20924e-17,0.932363,-0.00749808,0,0.00231348,1.26161
0.29,-0.25,0.29,-3.38271e-17,0.93256,-0.0075051,0,0.0023081,1.25894
0.2905,-0.25,0.2905,-3.20924e-17,0.932757,-0.00751212,0,0.00230271,1.25627
0.291,-0.25,0.291,-3.46945e-17,0.932954,-0.00751914,0,0.00229733,1.25359
0.2915,-0.25,0.2915,-3.29597e-17,0.93315,-0.00752616,0,0.00229195,1.25092
0.292,-0.25,0.292,-3.46945e-17,0.933347,-0.00753318,0,0.00228657,1.24825
0.2925,-0.25,0.2925,-3.33934e-17,0.933544,-0.0075402,0,0.00228118,1.24558
0.293,-0.25,0.293,-3.16587e-17,0.933741,-0.00754722,0,0.0022758,1.2429
0.2935,-0.25,0.2935,-3.33934e-17,0.933938,-0.00755424,0,0.00227042,1.24023
0.294,-0.25,0.294,-3.16587e-17,0.934135,-0.00756125,0,0.00226504,1.23756
0.2945,-0.25,0.2945,-3.81639e-17,0.934331,-0.00756805,0,0.00225957,1.23495
0.295,-0.25,0.295,-3.46945e-17,0.934525,-0.00757395,0,0.00225377,1.2326
0.2955,-0.25,0.2955,-3.46945e-17,0.934719,-0.00757985,0,0.00224796,1.23025
0.296,-0.25,0.296,-3.81639e-17,0.934912,-0.00758575,0,0.00224216,1.2279
0.2965,-0.25,0.2965,-3.46945e-17,0.935106,-0.00759165,0,0.00223635,1.22555
0.297,-0.25,0.297,-3.46945e-17,0.9353,-0.00759755,0,0.00223055,1.2232
0.2975,-0.25,0.2975,-3.46945e-17,0.935494,-0.00760346,0,0.00222475,1.22085
0.298,-0.25,0.298,-3.46945e-17,0.935687,-0.00760936,0,0.00221894,1.2185
0.2985,-0.25,0.2985,-3.46945e-17,0.935881,-0.00761526,0,0.00221314,1.21615
0.299,-0.25,0.299,-3.46945e-17,0.936075,-0.00762116,0,0.00220733,1.2138
0.2995,-0.25,0.2995,-3.1225e-17,0.936269,-0.00762706,0,0.00220153,1.21145
0.3,-0.25,0.3,-3.46945e-17,0.936462,-0.00763296,0,0.00219573,1.2091
0.3005,-0.25,0.3005,-3.46945e-17,0.936656,-0.00763886,0,0.00218992,1.20675
0.301,-0.25,0.301,-3.46945e-17,0.93685,-0.00764476,0,0.00218412,1.20441
0.3015,-0.25,0.3015,-3.46945e-17,0.937043,-0.00765066,0,0.00217832,1.20206
0.302,-0.25,0.302,-3.46945e-17,0.937237,-0.00765656,0,0.00217251,1.19971
0.3025,-0.25,0.3025,-3.1225e-17,0.937431,-0.00766247,0,0.00216671,1.19736
0.303,-0.25,0.303,-3.1225e-17,0.937625,-0.00766837,0,0.0021609,1.19501
0.3035,-0.25,0.3035,-3.1225e-17,0.937818,-0.00767427,0,0.0021551,1.19266
0.304,-0.25,0.304,-3.46945e-17,0.938012,-0.00768017,0,0.0021493,1.19031
0.3045,-0.25,0.3045,-3.1225e-17,0.938206,-0.00768607,0,0.00214349,1.18796
0.305,-0.25,0.305,-3.1225e-17,0.938399,-0.00769197,0,0.00213769,1.18561
0.3055,-0.25,0.3055,-3.46945e-17,0.938593,-0.00769787,0,0.00213188,1.18326
0.306,-0.25,0.306,-3.1225e-17,0.938787,-0.00770377,0,0.00212608,1.18091
0.3065,-0.25,0.3065,-3.46945e-17,0.938981,-0.00770967,0,0.00212028,1.17856
0.307,-0.25,0.307,-3.1225e-17,0.939174,-0.00771557,0,0.00211447,1.17621
0.3075,-0.25,0.3075,-3.1225e-17,0.939368,-0.00772148,0,0.00210867,1.17386
0.308,-0.25,0.308,-3.46945e-17,0.939562,-0.00772738,0,0.00210287,1.17151
0.3085,-0.25,0.3085,-3.1225e-17,0.939755,-0.00773328,0,0.00209706,1.16916
0.309,-0.25,0.309,-3.46945e-17,0.939949,-0.00773918,0,0.00209126,1.16681
0.3095,-0.25,0.3095,-3.46945e-17,0.940143,-0.00774508,0,0.00208545,1.16446
0.31,-0.25,0.31,-3.46945e-17,0.940337,-0.00775098,0,0.00207965,1.16211
0.3105,-0.25,0.3105,-3.1225e-17,0.94052,-0.00775703,0,0.00207415,1.15989
0.311,-0.25,0.311,-3.1225e-17,0.940697,-0.00776311,0,0.00206887,1.15775
0.3115,-0.25,0.3115,-3.1225e-17,0.940874,-0.00776919,0,0.00206359,1.15561
0.312,-0.25,0.312,-3.1225e-17,0.94105,-0.00777527,0,0.00205831,1.15347
0.3125,-0.25,0.3125,-3.1225e-17,0.941227,-0.00778135,0,0.00205303,1.15134
0.313,-0.25,0.313,-3.1225e-17,0.941403,-0.00778743,0,0.00204775,1.1492
0.3135,-0.25,0.3135,-3.1225e-17,0.94158,-0.00779351,0,0.00204247,1.14706
0.314,-0.25,0.314,-3.1225e-17,0.941757,-0.00779959,0,0.00203719,1.14492
0.3145,-0.25,0.3145,-3.1225e-17,0.941933,-0.00780568,0,0.00203191,1.14279
0.315,-0.25,0.315,-3.1225e-17,0.94211,-0.00781176,0,0.00202663,1.14065
0.3155,-0.25,0.3155,-3.46945e-17,0.942287,-0.00781784,0,0.00202135,1.13851
0.316,-0.25,0.316,-3.46945e-17,0.942463,-0.00782392,0,0.00201607,1.13637
0.3165,-0.25,0.3165,-3.46945e-17,0.94264,-0.00783,0,0.00201079,1.13423
0.317,-0.25,0.317,-3.1225e-17,0.942816,-0.00783608,0,0.00200551,1.1321
0.3175,-0.25,0.3175,-3.1225e-17,0.942993,-0.00784216,0,0.00200023,1.12996
0.318,-0.25,0.318,-3.1225e-17,0.94317,-0.00784824,0,0.00199495,1.12782
0.3185,-0.25,0.3185,-3.1225e-17,0.943346,-0.00785432,0,0.00198967,1.12568
0.319,-0.25,0.319,-3.1225e-17,0.943523,-0.0078604,0,0.00198439,1.12355
0.3195,-0.25,0.3195,-3.1225e-17,0.943699,-0.00786648,0,0.00197911,1.12141
0.32,-0.25,0.32,-3.1225e-17,0.943876,-0.00787256,0,0.00197383,1.11927
0.3205,-0.25,0.3205,-3.1225e-17,0.944053,-0.00787864,0,0.00196855,1.11713
0.321,-0.25,0.321,-2.94903e-17,0.944229,-0.00788472,0,0.00196327,1.115
0.3215,-0.25,0.3215,-2.77556e-17,0.944406,-0.0078908,0,0.00195799,1.11286
0.322,-0.25,0.322,-3.29597e-17,0.944582,-0.00789688,0,0.00195271,1.11072
0.3225,-0.25,0.3225,-3.20924e-17,0.944759,-0.00790297,0,0.00194743,1.10858
0.323,-0.25,0.323,-3.20924e-17,0.944936,-0.00790905,0,0.00194215,1.10645
0.3235,-0.25,0.3235,-3.20924e-17,0.945112,-0.00791513,0,0.00193687,1.10431
0.324,-0.25,0.324,-3.1225e-17,0.945289,-0.00792121,0,0.00193159,1.10217
0.3245,-0.25,0.3245,-3.46945e-17,0.945465,-0.00792729,0,0.00192631,1.10003
0.325,-0.25,0.325,-3.46945e-17,0.945642,-0.00793337,0,0.00192103,1.09789
0.3255,-0.25,0.3255,-3.46945e-17,0.945819,-0.00793945,0,0.00191575,1.09576
0.326,-0.25,0.326,-3.46945e-17,0.945995,-0.00794553,0,0.00191047,1.09362
0.3265,-0.25,0.3265,-3.42608e-17,0.946172,-0.00795161,0,0.00190519,1.09148
0.327,-0.25,0.327,-3.42608e-17,0.946348,-0.00795769,0,0.00189991,1.08934
0.3275,-0.25,0.3275,-3.41524e-17,0.946525,-0.00796377,0,0.00189463,1.08721
0.328,-0.25,0.328,-3.46945e-17,0.9467,-0.00796936,0,0.00188925,1.08513
0.3285,-0.25,0.3285,-3.46945e-17,0.946872,-0.0079743,0,0.00188375,1.08314
0.329,-0.25,0.329,-3.46945e-17,0.947044,-0.00797924,0,0.00187825,1.08115
0.3295,-0.25,0.3295,-3.46945e-17,0.947216,-0.00798419,0,0.00187275,1.07916
0.33,-0.25,0.33,-3.46945e-17,0.947388,-0.00798913,0,0.00186725,1.07717
0.3305,-0.25,0.3305,-3.46945e-17,0.94756,-0.00799407,0,0.00186175,1.07518
0.331,-0.25,0.331,-3.46945e-17,0.947732,-0.00799901,0,0.00185625,1.07319
0.3315,-0.25,0.3315,-3.46945e-17,0.947904,-0.00800395,0,0.00185075,1.07119
0.332,-0.25,0.332,-3.46945e-17,0.948076,-0.0080089,0,0.00184525,1.0692
0.3325,-0.25,0.3325,-3.46945e-17,0.948248,-0.00801384,0,0.00183975,1.06721
0.333,-0.25,0.333,-3.46945e-17,0.94842,-0.00801878,0,0.00183425,1.06522
0.3335,-0.25,0.3335,-3.1225e-17,0.948592,-0.00802372,0,0.00182875,1.06323
0.334,-0.25,0.334,-3.1225e-17,0.948764,-0.00802867,0,0.00182325,1.06124
0.3345,-0.25,0.3345,-3.1225e-17,0.948936,-0.00803361,0,0.00181775,1.05925
0.335,-0.25,0.335,-3.1225e-17,0.949108,-0.00803855,0,0.00181225,1.05726
0.3355,-0.25,0.3355,-3.1225e-17,0.94928,-0.00804349,0,0.00180675,1.05526
0.336,-0.25,0.336,-3.1225e-17,0.949452,-0.00804843,0,0.00180125,1.05327
0.3365,-0.25,0.3365,-3.1225e-17,0.949624,-0.00805338,0,0.00179574,1.05128
0.337,-0.25,0.337,-3.1225e-17,0.949796,-0.00805832,0,0.00179024,1.04929
0.3375,-0.25,0.3375,-3.1225e-17,0.949968,-0.00806326,0,0.00178474,1.0473
0.338,-0.25,0.338,-3.1225e-17,0.95014,-0.0080682,0,0.00177924,1.04531
0.3385,-0.25,0.3385,-3.1225e-17,0.950312,-0.00807315,0,0.00177374,1.04332
0.339,-0.25,0.339,-3.1225e-17,0.950484,-0.00807809,0,0.00176824,1.04133
0.3395,-0.25,0.3395,-3.1225e-17,0.950656,-0.00808303,0,0.00176274,1.03934
0.34,-0.25,0.34,-3.1225e-17,0.950828,-0.00808797,0,0.00175724,1.03734
0.3405,-0.25,0.3405,-3.1225e-17,0.951,-0.00809291,0,0.00175174,1.03535
0.341,-0.25,0.341,-3.1225e-17,0.951172,-0.00809786,0,0.00174624,1.03336
0.3415,-0.25,0.3415,-3.1225e-17,0.951344,-0.0081028,0,0.00174074,1.03137
0.342,-0.25,0.342,-2.77556e-17,0.951515,-0.00810774,0,0.00173524,1.02938
0.3425,-0.25,0.3425,-2.77556e-17,0.951687,-0.00811268,0,0.00172974,1.02739
0.343,-0.25,0.343,-2.77556e-17,0.951859,-0.00811763,0,0.00172424,1.0254
0.3435,-0.25,0.3435,-2.77556e-17,0.952031,-0.00812257,0,0.00171874,1.02341
0.344,-0.25,0.344,-2.77556e-17,0.952203,-0.00812751,0,0.00171324,1.02141
0.3445,-0.25,0.3445,-2.77556e-17,0.952375,-0.00813245,0,0.00170774,1.01942
0.345,-0.25,0.345,-2.77556e-17,0.952547,-0.00813739,0,0.00170224,1.01743
0.3455,-0.25,0.3455,-2.51526e-17,0.952715,-0.00814244,0,0.00169689,1.0155
0.346,-0.25,0.346,-2.77556e-17,0.952872,-0.0081476,0,0.00169187,1.01368
0.3465,-0.25,0.3465,-2.42861e-17,0.953029,-0.00815276,0,0.00168686,1.01187
0.347,-0.25,0.347,-2.08167e-17,0.953186,-0.00815793,0,0.00168185,1.01005
0.3475,-0.25,0.3475,-2.08167e-17,0.953343,-0.00816309,0,0.00167683,1.00824
0.348,-0.25,0.348,-2.08167e-17,0.9535,-0.00816825,0,0.00167182,1.00642
0.3485,-0.25,0.3485,-1.73472e-17,0.953657,-0.00817341,0,0.00166681,1.00461
0.349,-0.25,0.349,-1.73472e-17,0.953814,-0.00817857,0,0.00166179,1.00279
0.3495,-0.25,0.3495,-1.73472e-17,0.953971,-0.00818374,0,0.00165678,1.00098
0.35,-0.25,0.35,-1.73472e-17,0.954128,-0.0081889,0,0.00165177,0.999162
0.3505,-0.25,0.3505,-1.38778e-17,0.954285,-0.00819406,0,0.00164675,0.997347
0.351,-0.25,0.351,-1.04083e-17,0.954442,-0.00819922,0,0.00164174,0.995533
0.3515,-0.25,0.3515,-1.04083e-17,0.9546,-0.00820439,0,0.00163673,0.993718
0.352,-0.25,0.352,-1.04083e-17,0.954757,-0.00820955,0,0.00163172,0.991903
0.3525,-0.25,0.3525,-6.93889e-18,0.954914,-0.00821471,0,0.0016267,0.990088
0.353,-0.25,0.353,-6.93889e-18,0.955071,-0.00821987,0,0.00162169,0.988273
0.3535,-0.25,0.3535,-5.20417e-18,0.955228,-0.00822504,0,0.00161668,0.986458
0.354,-0.25,0.354,-3.46945e-18,0.955385,-0.0082302,0,0.00161166,0.984643
0.3545,-0.25,0.3545,-1.73472e-18,0.955542,-0.00823536,0,0.00160665,0.982829
0.355,-0.25,0.355,0,0.955699,-0.00824052,0,0.00160164,0.981014
0.3555,-0.25,0.3555,0,0.955856,-0.00824568,0,0.00159662,0.979199
0.356,-0.25,0.356,-1.73472e-18,0.956013,-0.00825085,0,0.00159161,0.977384
0.3565,-0.25,0.3565,-3.46945e-18,0.95617,-0.00825601,0,0.0015866,0.975569
0.357,-0.25,0.357,-5.20417e-18,0.956327,-0.00826117,0,0.00158158,0.973754
0.3575,-0.25,0.3575,-6.93889e-18,0.956484,-0.00826633,0,0.00157657,0.971939
0.358,-0.25,0.358,-8.67362e-18,0.956641,-0.0082715,0,0.00157156,0.970125
0.3585,-0.25,0.3585,-8.67362e-18,0.956798,-0.00827666,0,0.00156655,0.96831
0.359,-0.25,0.359,-9.54098e-18,0.956955,-0.00828182,0,0.00156153,0.966495
0.3595,-0.25,0.3595,-1.04083e-17,0.957113,-0.00828698,0,0.00155652,0.96468
0.36,-0.25,0.36,-1.47451e-17,0.95727,-0.00829215,0,0.00155151,0.962865
0.3605,-0.25,0.3605,-1.47451e-17,0.957427,-0.00829731,0,0.00154649,0.96105
0.361,-0.25,0.361,-1.38778e-17,0.957584,-0.00830247,0,0.00154148,0.959235
0.3615,-0.25,0.3615,-1.82146e-17,0.957741,-0.00830763,0,0.00153647,0.957421
0.362,-0.25,0.362,-1.86483e-17,0.957898,-0.0083128,0,0.00153145,0.955606
0.3625,-0.25,0.3625,-1.95156e-17,0.958055,-0.00831796,0,0.00152644,0.953791
0.363,-0.25,0.363,-1.51788e-17,0.958212,-0.00832312,0,0.00152143,0.951976
0.3635,-0.25,0.3635,-1.56125e-17,0.958369,-0.00832828,0,0.00151641,0.950161
0.364,-0.25,0.364,-1.95156e-17,0.958526,-0.00833344,0,0.0015114,0.948346
0.3645,-0.25,0.3645,-2.32561e-17,0.958683,-0.00833861,0,0.00150639,0.946531
0.365,-0.25,0.365,-2.08167e-17,0.958838,-0.00834347,9.474e-22,0.00150132,0.94469
0.3655,-0.25,0.3655,-2.08167e-17,0.958988,-0.00834753,4.38324e-21,0.00149611,0.942779
0.366,-0.25,0.366,-2.08167e-17,0.959138,-0.00835159,7.81907e-21,0.0014909,0.940867
0.3665,-0.25,0.3665,-2.42861e-17,0.959288,-0.00835566,1.12549e-20,0.00148569,0.938956
0.367,-0.25,0.367,-2.42861e-17,0.959438,-0.00835972,1.46907e-20,0.00148047,0.937044
0.3675,-0.25,0.3675,-2.42861e-17,0.959588,-0.00836379,1.81266e-20,0.00147526,0.935133
0.368,-0.25,0.368,-2.42861e-17,0.959738,-0.00836785,2.15624e-20,0.00147005,0.933222
0.3685,-0.25,0.3685,-3.1225e-17,0.959888,-0.00837191,2.49983e-20,0.00146484,0.93131
0.369,-0.25,0.369,-3.1225e-17,0.960039,-0.00837598,2.84341e-20,0.00145963,0.929399
0.3695,-0.25,0.3695,-3.46945e-17,0.960189,-0.00838004,3.18699e-20,0.00145442,0.927488
0.37,-0.25,0.37,-3.46945e-17,0.960339,-0.0083841,3.53058e-20,0.0014492,0.925576
0.3705,-0.25,0.3705,-3.46945e-17,0.960489,-0.00838817,3.87416e-20,0.00144399,0.923665
0.371,-0.25,0.371,-3.81639e-17,0.960639,-0.00839223,4.21774e-20,0.00143878,0.921754
0.3715,-0.25,0.3715,-3.81639e-17,0.960789,-0.0083963,4.56133e-20,0.00143357,0.919842
0.372,-0.25,0.372,-4.16334e-17,0.960939,-0.00840036,4.90491e-20,0.00142836,0.917931
0.3725,-0.25,0.3725,-4.16334e-17,0.961089,-0.00840442,5.2485e-20,0.00142315,0.916019
0.373,-0.25,0.373,-4.51028e-17,0.961239,-0.00840849,5.59208e-20,0.00141793,0.914108
0.3735,-0.25,0.3735,-4.51028e-17,0.961389,-0.00841255,5.93566e-20,0.00141272,0.912197
0.374,-0.25,0.374,-4.85723e-17,0.961539,-0.00841662,6.27925e-20,0.00140751,0.910285
0.3745,-0.25,0.3745,-4.51028e-17,0.961689,-0.00842068,6.62283e-20,0.0014023,0.908374
0.375,-0.25,0.375,-4.85723e-17,0.961839,-0.00842474,6.96641e-20,0.00139709,0.906463
0.3755,-0.25,0.3755,-4.51028e-17,0.961989,-0.00842881,7.31e-20,0.00139188,0.904551
0.376,-0.25,0.376,-4.51028e-17,0.962139,-0.00843287,7.65358e-20,0.00138666,0.90264
0.3765,-0.25,0.3765,-4.51028e-17,0.962289,-0.00843693,7.99717e-20,0.00138145,0.900729
0.377,-0.25,0.377,-4.16334e-17,0.962439,-0.008441,8.34075e-20,0.00137624,0.898817
0.3775,-0.25,0.3775,-3.81639e-17,0.962589,-0.00844506,8.68433e-20,0.00137103,0.896906
0.378,-0.25,0.378,-3.81639e-17,0.962739,-0.00844913,9.02792e-20,0.00136582,0.894994
0.3785,-0.25,0.3785,-3.81639e-17,0.962889,-0.00845319,9.3715e-20,0.00136061,0.893083
0.379,-0.25,0.379,-3.81639e-17,0.963039,-0.00845725,9.71508e-20,0.00135539,0.891172
0.3795,-0.25,0.3795,-3.46945e-17,0.963189,-0.00846132,1.00587e-19,0.00135018,0.88926
0.38,-0.25,0.38,-3.46945e-17,0.963339,-0.00846538,1.04023e-19,0.00134497,0.887349
0.3805,-0.25,0.3805,-3.46945e-17,0.963489,-0.00846945,1.07458e-19,0.00133976,0.885438
0.381,-0.25,0.381,-3.1225e-17,0.963639,-0.00847351,1.10894e-19,0.00133455,0.883526
0.3815,-0.25,0.3815,-3.1225e-17,0.963789,-0.00847757,1.1433e-19,0.00132934,0.881615
0.382,-0.25,0.382,-3.1225e-17,0.963939,-0.00848164,1.17766e-19,0.00132412,0.879704
0.3825,-0.25,0.3825,-3.1225e-17,0.96409,-0.0084857,1.21202e-19,0.00131891,0.877792
0.383,-0.25,0.383,-2.77556e-17,0.96424,-0.00848976,1.24638e-19,0.0013137,0.875881
0.3835,-0.25,0.3835,-2.77556e-17,0.96439,-0.00849383,1.28073e-19,0.00130849,0.873969
0.384,-0.25,0.384,-2.42861e-17,0.96454,-0.00849789,1.31509e-19,0.00130328,0.872058
0.3845,-0.25,0.3845,-2.67324e-17,0.964686,-0.00850205,1.34857e-19,0.0012982,0.870198
0.385,-0.25,0.385,-3.1225e-17,0.964824,-0.00850636,1.38008e-19,0.00129342,0.868446
0.3855,-0.25,0.3855,-2.77556e-17,0.964961,-0.00851068,1.41146e-19,0.00128866,0.866701
0.386,-0.25,0.386,-3.1225e-17,0.965098,-0.008515,1.44284e-19,0.0012839,0.864955
0.3865,-0.25,0.3865,-3.1225e-17,0.965235,-0.00851931,1.47422e-19,0.00127914,0.86321
0.387,-0.25,0.387,-2.77556e-17,0.965373,-0.00852363,1.5056e-19,0.00127438,0.861465
0.3875,-0.25,0.3875,-3.1225e-17,0.96551,-0.00852795,1.53698e-19,0.00126962,0.859719
0.388,-0.25,0.388,-3.46945e-17,0.965647,-0.00853226,1.56836e-19,0.00126486,0.857974
0.3885,-0.25,0.3885,-3.1225e-17,0.965785,-0.00853658,1.59974e-19,0.0012601,0.856228
0.389,-0.25,0.389,-3.1225e-17,0.965922,-0.0085409,1.63112e-19,0.00125534,0.854483
0.3895,-0.25,0.3895,-3.1225e-17,0.966059,-0.00854521,1.6625e-19,0.00125058,0.852737
0.39,-0.25,0.39,-3.1225e-17,0.966196,-0.00854953,1.69388e-19,0.00124582,0.850992
0.3905,-0.25,0.3905,-3.46945e-17,0.966334,-0.00855385,1.72526e-19,0.00124106,0.849246
0.391,-0.25,0.391,-3.1225e-17,0.966471,-0.00855816,1.75664e-19,0.0012363,0.847501
0.3915,-0.25,0.3915,-3.1225e-17,0.966608,-0.00856248,1.78802e-19,0.00123154,0.845755
0.392,-0.25,0.392,-3.1225e-17,0.966746,-0.0085668,1.8194e-19,0.00122678,0.84401
0.3925,-0.25,0.3925,-3.46945e-17,0.966883,-0.00857111,1.85079e-19,0.00122202,0.842264
0.393,-0.25,0.393,-3.29597e-17,0.96702,-0.00857543,1.88217e-19,0.00121726,0.840519
0.3935,-0.25,0.3935,-3.46945e-17,0.967158,-0.00857975,1.91355e-19,0.0012125,0.838774
0.394,-0.25,0.394,-3.46945e-17,0.967295,-0.00858406,1.94493e-19,0.00120774,0.837028
0.3945,-0.25,0.3945,-3.29597e-17,0.967432,-0.00858838,1.97631e-19,0.00120298,0.835283
0.395,-0.25,0.395,-3.29597e-17,0.967569,-0.0085927,2.00769e-19,0.00119822,0.833537
0.3955,-0.25,0.3955,-3.29597e-17,0.967707,-0.00859701,2.03907e-19,0.00119346,0.831792
0.396,-0.25,0.396,-3.46945e-17,0.967844,-0.00860133,2.07045e-19,0.0011887,0.830046
0.3965,-0.25,0.3965,-3.46945e-17,0.967981,-0.00860565,2.10183e-19,0.00118394,0.828301
0.397,-0.25,0.397,-3.64292e-17,0.968119,-0.00860996,2.13321e-19,0.00117918,0.826555
0.3975,-0.25,0.3975,-3.81639e-17,0.968256,-0.00861428,2.16459e-19,0.00117442,0.82481
0.398,-0.25,0.398,-3.98986e-17,0.968393,-0.0086186,2.19597e-19,0.00116966,0.823064
0.3985,-0.25,0.3985,-4.16334e-17,0.96853,-0.00862291,2.22735e-19,0.0011649,0.821319
0.399,-0.25,0.399,-3.98986e-17,0.968668,-0.00862723,2.25873e-19,0.00116014,0.819573
0.3995,-0.25,0.3995,-4.25007e-17,0.968805,-0.00863155,2.29011e-19,0.00115538,0.817828
0.4,-0.25,0.4,-4.0766e-17,0.968942,-0.00863586,2.32149e-19,0.00115062,0.816082
0.4005,-0.25,0.4005,-4.33681e-17,0.96908,-0.00864018,2.35287e-19,0.00114586,0.814337
0.401,-0.25,0.401,-4.16334e-17,0.969217,-0.0086445,2.38425e-19,0.00114109,0.812592
0.4015,-0.25,0.4015,-4.0766e-17,0.969354,-0.00864881,2.41563e-19,0.00113633,0.810846
0.402,-0.25,0.402,-4.25007e-17,0.969492,-0.00865313,2.44701e-19,0.00113157,0.809101
0.4025,-0.25,0.4025,-4.16334e-17,0.969629,-0.00865745,2.47839e-19,0.00112681,0.807355
0.403,-0.25,0.403,-4.33681e-17,0.969766,-0.00866176,2.50978e-19,0.00112205,0.80561
0.4035,-0.25,0.4035,-4.2067e-17,0.969903,-0.00866608,2.54116e-19,0.00111729,0.803864
0.404,-0.25,0.404,-4.42354e-17,0.970041,-0.0086704,2.57254e-19,0.00111253,0.802119
0.4045,-0.25,0.4045,-4.29344e-17,0.970178,-0.00867471,2.60392e-19,0.00110777,0.800373
0.405,-0.25,0.405,-4.51028e-17,0.970315,-0.00867903,2.6353e-19,0.00110301,0.798628
0.4055,-0.25,0.4055,-4.35849e-17,0.970453,-0.00868335,2.66668e-19,0.00109825,0.796882
0.406,-0.25,0.406,-4.21484e-17,0.97059,-0.00868766,2.69806e-19,0.00109349,0.795137
0.4065,-0.25,0.4065,-4.16334e-17,0.97072,-0.00869078,2.68489e-19,0.00108867,0.793352
0.407,-0.25,0.407,-4.16334e-17,0.970849,-0.00869378,2.6674e-19,0.00108384,0.791564
0.4075,-0.25,0.4075,-4.16334e-17,0.970979,-0.00869678,2.6499e-19,0.00107901,0.789775
0.408,-0.25,0.408,-4.16334e-17,0.971108,-0.00869977,2.63241e-19,0.00107418,0.787986
0.4085,-0.25,0.4085,-4.16334e-17,0.971238,-0.00870277,2.61491e-19,0.00106935,0.786198
0.409,-0.25,0.409,-3.81639e-17,0.971367,-0.00870577,2.59741e-19,0.00106452,0.784409
0.4095,-0.25,0.4095,-4.16334e-17,0.971496,-0.00870877,2.57992e-19,0.00105969,0.782621
0.41,-0.25,0.41,-3.81639e-17,0.971626,-0.00871177,2.56242e-19,0.00105486,0.780832
0.4105,-0.25,0.4105,-3.46945e-17,0.971755,-0.00871477,2.54493e-19,0.00105003,0.779043
0.411,-0.25,0.411,-3.81639e-17,0.971885,-0.00871777,2.52743e-19,0.0010452,0.777255
0.4115,-0.25,0.4115,-3.46945e-17,0.972014,-0.00872077,2.50994e-19,0.00104037,0.775466
0.412,-0.25,0.412,-3.1225e-17,0.972144,-0.00872376,2.49244e-19,0.00103554,0.773678
0.4125,-0.25,0.4125,-3.46945e-17,0.972273,-0.00872676,2.47494e-19,0.00103071,0.771889
0.413,-0.25,0.413,-3.1225e-17,0.972402,-0.00872976,2.45745e-19,0.00102588,0.7701
0.4135,-0.25,0.4135,-3.1225e-17,0.972532,-0.00873276,2.43995e-19,0.00102105,0.768312
0.414,-0.25,0.414,-3.1225e-17,0.972661,-0.00873576,2.42246e-19,0.00101622,0.766523
0.4145,-0.25,0.4145,-2.77556e-17,0.972791,-0.00873876,2.40496e-19,0.00101139,0.764735
0.415,-0.25,0.415,-2.42861e-17,0.97292,-0.00874176,2.38746e-19,0.00100656,0.762946
0.4155,-0.25,0.4155,-2.42861e-17,0.973049,-0.00874476,2.36997e-19,0.00100173,0.761157
0.416,-0.25,0.416,-2.42861e-17,0.973179,-0.00874775,2.35247e-19,0.000996902,0.759369
0.4165,-0.25,0.4165,-2.08167e-17,0.973308,-0.00875075,2.33498e-19,0.000992072,0.75758
0.417,-0.25,0.417,-2.42861e-17,0.973438,-0.00875375,2.31748e-19,0.000987242,0.755792
0.4175,-0.25,0.4175,-2.42861e-17,0.973567,-0.00875675,2.29999e-19,0.000982412,0.754003
0.418,-0.25,0.418,-2.42861e-17,0.973696,-0.00875975,2.28249e-19,0.000977582,0.752214
0.4185,-0.25,0.4185,-2.77556e-17,0.973826,-0.00876275,2.26499e-19,0.000972753,0.750426
0.419,-0.25,0.419,-2.77556e-17,0.973955,-0.00876575,2.2475e-19,0.000967923,0.748637
0.4195,-0.25,0.4195,-2.77556e-17,0.974085,-0.00876875,2.23e-19,0.000963093,0.746849
0.42,-0.25,0.42,-3.1225e-17,0.974214,-0.00877174,2.21251e-19,0.000958263,0.74506
0.4205,-0.25,0.4205,-2.77556e-17,0.974344,-0.00877474,2.19501e-19,0.000953433,0.743271
0.421,-0.25,0.421,-3.46945e-17,0.974473,-0.00877774,2.17751e-19,0.000948603,0.741483
0.4215,-0.25,0.4215,-3.46945e-17,0.974602,-0.00878074,2.16002e-19,0.000943774,0.739694
0.422,-0.25,0.422,-3.1225e-17,0.974732,-0.00878374,2.14252e-19,0.000938944,0.737906
0.4225,-0.25,0.4225,-3.46945e-17,0.974861,-0.00878674,2.12503e-19,0.000934114,0.736117
0.423,-0.25,0.423,-3.81639e-17,0.974991,-0.00878974,2.10753e-19,0.000929284,0.734328
0.4235,-0.25,0.4235,-3.46945e-17,0.97512,-0.00879274,2.09004e-19,0.000924454,0.73254
0.424,-0.25,0.424,-3.81639e-17,0.975249,-0.00879573,2.07254e-19,0.000919624,0.730751
0.4245,-0.25,0.4245,-3.81639e-17,0.975379,-0.00879873,2.05504e-19,0.000914795,0.728963
0.425,-0.25,0.425,-3.81639e-17,0.975508,-0.00880173,2.03755e-19,0.000909965,0.727174
0.4255,-0.25,0.4255,-4.16334e-17,0.975638,-0.00880473,2.02005e-19,0.000905135,0.725385
0.426,-0.25,0.426,-3.81639e-17,0.975767,-0.00880773,2.00256e-19,0.000900305,0.723597
0.4265,-0.25,0.4265,-4.16334e-17,0.975896,-0.00881073,1.98506e-19,0.000895475,0.721808
0.427,-0.25,0.427,-4.16334e-17,0.976026,-0.00881373,1.96756e-19,0.000890646,0.72002
0.4275,-0.25,0.4275,-4.16334e-17,0.976155,-0.00881672,1.95007e-19,0.000885816,0.718231
0.428,-0.25,0.428,-4.16334e-17,0.976278,-0.0088199,1.92372e-19,0.00088122,0.71653
0.4285,-0.25,0.4285,-3.81639e-17,0.976397,-0.00882319,1.90646e-19,0.000876797,0.714893
0.429,-0.25,0.429,-4.16334e-17,0.976516,-0.00882649,1.8892e-19,0.000872374,0.713255
0.4295,-0.25,0.4295,-3.81639e-17,0.976635,-0.00882979,1.87194e-19,0.000867951,0.711618
0.43,-0.25,0.43,-3.81639e-17,0.976753,-0.00883309,1.85468e-19,0.000863528,0.709981
0.4305,-0.25,0.4305,-3.81639e-17,0.976872,-0.00883638,1.83742e-19,0.000859105,0.708343
0.431,-0.25,0.431,-3.81639e-17,0.976991,-0.00883968,1.82016e-19,0.000854682,0.706706
0.4315,-0.25,0.4315,-3.46945e-17,0.977109,-0.00884298,1.80289e-19,0.000850259,0.705069
0.432,-0.25,0.432,-3.46945e-17,0.977228,-0.00884627,1.78563e-19,0.000845836,0.703432
0.4325,-0.25,0.4325,-3.46945e-17,0.977347,-0.00884957,1.76837e-19,0.000841413,0.701794
0.433,-0.25,0.433,-3.1225e-17,0.977466,-0.00885287,1.75111e-19,0.00083699,0.700157
0.4335,-0.25,0.4335,-3.1225e-17,0.977584,-0.00885617,1.73385e-19,0.000832567,0.69852
0.434,-0.25,0.434,-3.1225e-17,0.977703,-0.00885946,1.71659e-19,0.000828144,0.696882
0.4345,-0.25,0.4345,-2.42861e-17,0.977822,-0.00886276,1.69933e-19,0.000823721,0.695245
0.435,-0.25,0.435,-2.42861e-17,0.977941,-0.00886606,1.68206e-19,0.000819298,0.693608
0.4355,-0.25,0.4355,-2.42861e-17,0.978059,-0.00886936,1.6648e-19,0.000814875,0.691971
0.436,-0.25,0.436,-2.08167e-17,0.978178,-0.00887265,1.64754e-19,0.000810452,0.690333
0.4365,-0.25,0.4365,-2.08167e-17,0.978297,-0.00887595,1.63028e-19,0.000806029,0.688696
0.437,-0.25,0.437,-1.9082e-17,0.978415,-0.00887925,1.61302e-19,0.000801606,0.687059
0.4375,-0.25,0.4375,-1.73472e-17,0.978534,-0.00888254,1.59576e-19,0.000797183,0.685421
0.438,-0.25,0.438,-1.73472e-17,0.978653,-0.00888584,1.5785e-19,0.00079276,0.683784
0.4385,-0.25,0.4385,-1.56125e-17,0.978772,-0.00888914,1.56123e-19,0.000788337,0.682147
0.439,-0.25,0.439,-1.56125e-17,0.97889,-0.00889244,1.54397e-19,0.000783914,0.680509
0.4395,-0.25,0.4395,-1.21431e-17,0.979009,-0.00889573,1.52671e-19,0.000779491,0.678872
0.44,-0.25,0.44,-1.56125e-17,0.979128,-0.00889903,1.50945e-19,0.000775068,0.677235
0.4405,-0.25,0.4405,-1.73472e-17,0.979246,-0.00890233,1.49219e-19,0.000770645,0.675598
0.441,-0.25,0.441,-1.9082e-17,0.979365,-0.00890563,1.47493e-19,0.000766221,0.67396
0.4415,-0.25,0.4415,-2.25514e-17,0.979484,-0.00890892,1.45767e-19,0.000761798,0.672323
0.442,-0.25,0.442,-2.25514e-17,0.979603,-0.00891222,1.4404e-19,0.000757375,0.670686
0.4425,-0.25,0.4425,-2.42861e-17,0.979721,-0.00891552,1.42314e-19,0.000752952,0.669048
0.443,-0.25,0.443,-2.60209e-17,0.97984,-0.00891882,1.40588e-19,0.000748529,0.667411
0.4435,-0.25,0.4435,-3.1225e-17,0.979959,-0.00892211,1.38862e-19,0.000744106,0.665774
0.444,-0.25,0.444,-3.29597e-17,0.980077,-0.00892541,1.37136e-19,0.000739683,0.664136
0.4445,-0.25,0.4445,-3.29597e-17,0.980196,-0.00892871,1.3541e-19,0.00073526,0.662499
0.445,-0.25,0.445,-3.64292e-17,0.980315,-0.008932,1.33683e-19,0.000730837,0.660862
0.4455,-0.25,0.4455,-3.55618e-17,0.980434,-0.0089353,1.31957e-19,0.000726414,0.659225
0.446,-0.25,0.446,-3.81639e-17,0.980552,-0.0089386,1.30231e-19,0.000721991,0.657587
0.4465,-0.25,0.4465,-3.72966e-17,0.980671,-0.0089419,1.28505e-19,0.000717568,0.65595
0.447,-0.25,0.447,-3.98986e-17,0.98079,-0.00894519,1.26779e-19,0.000713145,0.654313
0.4475,-0.25,0.4475,-4.25007e-17,0.980908,-0.00894849,1.25053e-19,0.000708722,0.652675
0.448,-0.25,0.448,-4.42354e-17,0.981027,-0.00895179,1.23327e-19,0.000704299,0.651038
0.4485,-0.25,0.4485,-4.42354e-17,0.981146,-0.00895509,1.216e-19,0.000699876,0.649401
0.449,-0.25,0.449,-4.68375e-17,0.981265,-0.00895838,1.19874e-19,0.000695453,0.647763
0.4495,-0.25,0.4495,-4.90059e-17,0.981383,-0.00896168,1.18148e-19,0.00069103,0.646126
0.45,-0.25,0.45,-5.09575e-17,0.981502,-0.00896498,1.16422e-19,0.000686607,0.644489
0.4505,-0.25,0.4505,-5.0307e-17,0.981621,-0.00896827,1.14696e-19,0.000682184,0.642852
0.451,-0.25,0.451,-5.2367e-17,0.981739,-0.00897157,1.1297e-19,0.000677761,0.641214
0.4515,-0.25,0.4515,-5.1337e-17,0.981858,-0.00897487,1.11244e-19,0.000673338,0.639577
0.452,-0.25,0.452,-4.85723e-17,0.981974,-0.00897802,1.08355e-19,0.000669019,0.637869
0.4525,-0.25,0.4525,-5.20417e-17,0.982086,-0.00898098,1.03935e-19,0.000664838,0.636069
0.453,-0.25,0.453,-5.20417e-17,0.982198,-0.00898394,9.95156e-20,0.000660656,0.634269
0.4535,-0.25,0.4535,-5.55112e-17,0.982311,-0.0089869,9.50961e-20,0.000656475,0.632469
0.454,-0.25,0.454,-5.55112e-17,0.982423,-0.00898986,9.06766e-20,0.000652293,0.630668
0.4545,-0.25,0.4545,-5.55112e-17,0.982535,-0.00899282,8.62571e-20,0.000648111,0.628868
0.455,-0.25,0.455,-5.89806e-17,0.982647,-0.00899578,8.18377e-20,0.00064393,0.627068
0.4555,-0.25,0.4555,-5.55112e-17,0.982759,-0.00899874,7.74182e-20,0.000639748,0.625268
0.456,-0.25,0.456,-5.89806e-17,0.982872,-0.0090017,7.29987e-20,0.000635567,0.623467
0.4565,-0.25,0.4565,-6.245e-17,0.982984,-0.00900466,6.85792e-20,0.000631385,0.621667
0.457,-0.25,0.457,-6.245e-17,0.983096,-0.00900762,6.41598e-20,0.000627203,0.619867
0.4575,-0.25,0.4575,-6.245e-17,0.983208,-0.00901058,5.97403e-20,0.000623022,0.618067
0.458,-0.25,0.458,-6.59195e-17,0.98332,-0.00901354,5.53208e-20,0.00061884,0.616267
0.4585,-0.25,0.4585,-6.245e-17,0.983433,-0.0090165,5.09013e-20,0.000614659,0.614466
0.459,-0.25,0.459,-6.93889e-17,0.983545,-0.00901946,4.64819e-20,0.000610477,0.612666
0.4595,-0.25,0.4595,-6.59195e-17,0.983657,-0.00902242,4.20624e-20,0.000606295,0.610866
0.46,-0.25,0.46,-6.93889e-17,0.983769,-0.00902538,3.76429e-20,0.000602114,0.609066
0.4605,-0.25,0.4605,-6.93889e-17,0.983881,-0.00902834,3.32234e-20,0.000597932,0.607265
0.461,-0.25,0.461,-6.93889e-17,0.983993,-0.0090313,2.8804e-20,0.00059375,0.605465
0.4615,-0.25,0.4615,-7.28584e-17,0.984106,-0.00903426,2.43845e-20,0.000589569,0.603665
0.462,-0.25,0.462,-7.28584e-17,0.984218,-0.00903722,1.9965e-20,0.000585387,0.601865
0.4625,-0.25,0.4625,-7.28584e-17,0.98433,-0.00904018,1.55455e-20,0.000581206,0.600065
0.463,-0.25,0.463,-7.28584e-17,0.984442,-0.00904314,1.11261e-20,0.000577024,0.598264
0.4635,-0.25,0.4635,-7.63278e-17,0.984554,-0.0090461,6.70659e-21,0.000572842,0.596464
0.464,-0.25,0.464,-7.28584e-17,0.984667,-0.00904906,2.28711e-21,0.000568661,0.594664
0.4645,-0.25,0.4645,-7.28584e-17,0.984779,-0.00905202,-2.13236e-21,0.000564479,0.592864
0.465,-0.25,0.465,-7.28584e-17,0.984891,-0.00905498,-6.55184e-21,0.000560298,0.591063
0.4655,-0.25,0.4655,-6.93889e-17,0.985003,-0.00905794,-1.09713e-20,0.000556116,0.589263
0.466,-0.25,0.466,-6.59195e-17,0.985115,-0.0090609,-1.53908e-20,0.000551934,0.587463
0.4665,-0.25,0.4665,-6.59195e-17,0.985228,-0.00906386,-1.98103e-20,0.000547753,0.585663
0.467,-0.25,0.467,-6.59195e-17,0.98534,-0.00906682,-2.42297e-20,0.000543571,0.583863
0.4675,-0.25,0.4675,-6.245e-17,0.985452,-0.00906978,-2.86492e-20,0.00053939,0.582062
0.468,-0.25,0.468,-6.245e-17,0.985564,-0.00907274,-3.30687e-20,0.000535208,0.580262
0.4685,-0.25,0.4685,-6.245e-17,0.985676,-0.0090757,-3.74882e-20,0.000531026,0.578462
0.469,-0.25,0.469,-5.89806e-17,0.985789,-0.00907866,-4.19076e-20,0.000526845,0.576662
0.4695,-0.25,0.4695,-6.245e-17,0.985901,-0.00908162,-4.63271e-20,0.000522663,0.574861
0.47,-0.25,0.47,-5.89806e-17,0.986013,-0.00908458,-5.07466e-20,0.000518481,0.573061
0.4705,-0.25,0.4705,-5.55112e-17,0.986125,-0.00908754,-5.51661e-20,0.0005143,0.571261
0.471,-0.25,0.471,-5.55112e-17,0.986237,-0.00909051,-5.95855e-20,0.000510118,0.569461
0.4715,-0.25,0.4715,-5.55112e-17,0.986349,-0.00909347,-6.4005e-20,0.000505937,0.56766
0.472,-0.25,0.472,-5.20417e-17,0.986462,-0.00909643,-6.84245e-20,0.000501755,0.56586
0.4725,-0.25,0.4725,-4.85723e-17,0.986574,-0.00909939,-7.2844e-20,0.000497573,0.56406
0.473,-0.25,0.473,-4.85723e-17,0.986686,-0.00910235,-7.72634e-20,0.000493392,0.56226
0.4735,-0.25,0.4735,-4.85723e-17,0.986798,-0.00910531,-8.16829e-20,0.00048921,0.56046
0.474,-0.25,0.474,-4.85723e-17,0.98691,-0.00910827,-8.61024e-20,0.000485029,0.558659
0.4745,-0.25,0.4745,-4.51028e-17,0.987023,-0.00911123,-9.05219e-20,0.000480847,0.556859
0.475,-0.25,0.475,-4.16334e-17,0.987135,-0.00911419,-9.49413e-20,0.000476665,0.555059
0.4755,-0.25,0.4755,-4.51028e-17,0.987247,-0.00911715,-9.93608e-20,0.000472484,0.553259
0.476,-0.25,0.476,-4.15317e-17,0.987356,-0.00912021,-1.02223e-19,0.000468421,0.551507
0.4765,-0.25,0.4765,-4.16334e-17,0.98746,-0.00912341,-1.06045e-19,0.000464558,0.549844
0.477,-0.25,0.477,-4.16334e-17,0.987563,-0.00912663,-1.10119e-19,0.000460717,0.548191
0.4775,-0.25,0.4775,-4.16334e-17,0.987666,-0.00912985,-1.14193e-19,0.000456875,0.546537
0.478,-0.25,0.478,-4.16334e-17,0.987769,-0.00913307,-1.18267e-19,0.000453033,0.544884
0.4785,-0.25,0.4785,-3.81639e-17,0.987873,-0.00913629,-1.22341e-19,0.000449192,0.54323
0.479,-0.25,0.479,-3.81639e-17,0.987976,-0.00913951,-1.26415e-19,0.00044535,0.541576
0.4795,-0.25,0.4795,-3.81639e-17,0.988079,-0.00914273,-1.30489e-19,0.000441508,0.539923
0.48,-0.25,0.48,-3.81639e-17,0.988182,-0.00914595,-1.34563e-19,0.000437667,0.538269
0.4805,-0.25,0.4805,-3.46945e-17,0.988286,-0.00914916,-1.38637e-19,0.000433825,0.536616
0.481,-0.25,0.481,-3.81639e-17,0.988389,-0.00915238,-1.4271e-19,0.000429983,0.534962
0.4815,-0.25,0.4815,-3.46945e-17,0.988492,-0.0091556,-1.46784e-19,0.000426142,0.533308
0.482,-0.25,0.482,-3.46945e-17,0.988595,-0.00915882,-1.50858e-19,0.0004223,0.531655
0.4825,-0.25,0.4825,-3.1225e-17,0.988698,-0.00916204,-1.54932e-19,0.000418458,0.530001
0.483,-0.25,0.483,-3.1225e-17,0.988802,-0.00916526,-1.59006e-19,0.000414617,0.528348
0.4835,-0.25,0.4835,-3.1225e-17,0.988905,-0.00916848,-1.6308e-19,0.000410775,0.526694
0.484,-0.25,0.484,-3.1225e-17,0.989008,-0.0091717,-1.67154e-19,0.000406933,0.52504
0.4845,-0.25,0.4845,-2.77556e-17,0.989111,-0.00917492,-1.71228e-19,0.000403092,0.523387
0.485,-0.25,0.485,-3.1225e-17,0.989215,-0.00917814,-1.75302e-19,0.00039925,0.521733
0.4855,-0.25,0.4855,-3.46945e-17,0.989318,-0.00918136,-1.79375e-19,0.000395408,0.52008
0.486,-0.25,0.486,-3.1225e-17,0.989421,-0.00918458,-1.83449e-19,0.000391567,0.518426
0.4865,-0.25,0.4865,-3.1225e-17,0.989524,-0.0091878,-1.87523e-19,0.000387725,0.516772
0.487,-0.25,0.487,-3.1225e-17,0.989627,-0.00919101,-1.91597e-19,0.000383883,0.515119
0.4875,-0.25,0.4875,-3.1225e-17,0.989731,-0.00919423,-1.95671e-19,0.000380042,0.513465
0.488,-0.25,0.488,-3.1225e-17,0.989834,-0.00919745,-1.99745e-19,0.0003762,0.511811
0.4885,-0.25,0.4885,-3.1225e-17,0.989937,-0.00920067,-2.03819e-19,0.000372358,0.510158
0.489,-0.25,0.489,-3.1225e-17,0.99004,-0.00920389,-2.07893e-19,0.000368517,0.508504
0.4895,-0.25,0.4895,-3.1225e-17,0.990144,-0.00920711,-2.11967e-19,0.000364675,0.506851
0.49,-0.25,0.49,-3.1225e-17,0.990247,-0.00921033,-2.1604e-19,0.000360833,0.505197
0.4905,-0.25,0.4905,-3.1225e-17,0.99035,-0.00921355,-2.20114e-19,0.000356992,0.503543
0.491,-0.25,0.491,-2.94903e-17,0.990453,-0.00921677,-2.24188e-19,0.00035315,0.50189
0.4915,-0.25,0.4915,-2.94903e-17,0.990556,-0.00921999,-2.28262e-19,0.000349308,0.500236
0.492,-0.25,0.492,-3.1225e-17,0.99066,-0.00922321,-2.32336e-19,0.000345466,0.498583
0.4925,-0.25,0.4925,-3.1225e-17,0.990763,-0.00922643,-2.3641e-19,0.000341625,0.496929
0.493,-0.25,0.493,-3.1225e-17,0.990866,-0.00922965,-2.40484e-19,0.000337783,0.495275
0.4935,-0.25,0.4935,-2.94903e-17,0.990969,-0.00923286,-2.44558e-19,0.000333941,0.493622
0.494,-0.25,0.494,-3.1225e-17,0.991073,-0.00923608,-2.48632e-19,0.0003301,0.491968
0.4945,-0.25,0.4945,-2.94903e-17,0.991176,-0.0092393,-2.52705e-19,0.000326258,0.490315
0.495,-0.25,0.495,-3.1225e-17,0.991279,-0.00924252,-2.56779e-19,0.000322416,0.488661
0.4955,-0.25,0.4955,-3.03577e-17,0.991382,-0.00924574,-2.60853e-19,0.000318575,0.487007
0.496,-0.25,0.496,-3.46945e-17,0.991486,-0.00924896,-2.64927e-19,0.000314733,0.485354
0.4965,-0.25,0.4965,-3.38271e-17,0.991589,-0.00925218,-2.69001e-19,0.000310891,0.4837
0.497,-0.25,0.497,-3.38271e-17,0.991692,-0.0092554,-2.73075e-19,0.00030705,0.482047
0.4975,-0.25,0.4975,-3.64292e-17,0.991795,-0.00925862,-2.77149e-19,0.000303208,0.480393
0.498,-0.25,0.498,-3.55618e-17,0.991898,-0.00926184,-2.81223e-19,0.000299366,0.478739
0.4985,-0.25,0.4985,-3.81639e-17,0.992002,-0.00926506,-2.85297e-19,0.000295525,0.477086
0.499,-0.25,0.499,-3.72966e-17,0.992105,-0.00926828,-2.8937e-19,0.000291683,0.475432
0.4995,-0.25,0.4995,-3.64292e-17,0.992208,-0.0092715,-2.93444e-19,0.000287841,0.473779
0.5,-0.25,0.5,-3.90313e-17,0.992311,-0.00927471,-2.97518e-19,0.000284,0.472125