0,0,0,1,0,1,0,0,0,0,0
3.3333e-4,0.0403,-3.6440e-4,3.9900e-4,2.6400e-4,0.9525,0.0164,-2.0000e-6,8.1925e-7,1.8250e-6,1.7167e-7
6.6667e-4,0.0611,-4.0890e-4,2.3880e-3,3.8600e-4,0.93,0.0204,-4.0000e-6,2.0693e-6,4.3250e-6,4.3887e-6
1.0000e-3,0.0843,-4.1192e-4,7.5980e-3,1.0700e-3,0.92,0.0288,-7.0000e-6,2.6700e-6,8.6000e-6,4.4156e-5
1.3333e-3,0.1001,-6.9210e-4,0.0205,4.9570e-3,0.9125,0.0345,-6.0300e-6,5.1933e-5,1.5310e-5,3.3442e-4
1.6667e-3,0.1158,-7.5100e-4,0.0201,5.2520e-3,0.875,0.0391,-7.0000e-6,7.2950e-5,2.7483e-5,3.2409e-4
2.0000e-3,0.1325,-8.1300e-4,0.0283,6.4380e-3,0.8685,0.0453,-7.5000e-6,8.8798e-5,9.1600e-6,6.3269e-4
2.3333e-3,0.1457,-8.6300e-4,0.0296,6.8920e-3,0.8373,0.0548,-8.0000e-6,1.1604e-4,3.6800e-5,6.9266e-4
2.6667e-3,0.1613,-6.3400e-4,0.0359,7.7500e-3,0.8298,0.0586,-1.0000e-5,2.3725e-4,4.9525e-5,1.0098e-3
3.0000e-3,0.1655,-7.4700e-4,0.0378,8.8760e-3,0.8071,0.0585,-1.3200e-5,5.2205e-4,7.6475e-5,1.1330e-3
3.3333e-3,0.1739,-6.6700e-4,0.0396,9.0360e-3,0.783,0.062,-8.0000e-6,1.3910e-3,1.2780e-4,1.2349e-3
3.6667e-3,0.1831,5.7000e-4,0.0406,0.0109,0.7701,0.0629,-2.0000e-6,2.1665e-3,1.8410e-4,1.3236e-3
4.0000e-3,0.2,6.4600e-4,0.0457,0.0116,0.7635,0.0669,1.4000e-5,2.8213e-3,2.2600e-4,1.6656e-3
6.6667e-3,0.2127,1.7600e-4,0.0651,0.0178,0.6793,0.0753,2.0000e-4,3.0438e-3,2.5590e-4,3.4158e-3
9.3333e-3,0.2081,3.2140e-3,0.0705,0.027,0.6186,0.0658,4.0000e-4,2.7488e-3,2.7545e-4,4.2732e-3
0.0133,0.1745,4.6790e-3,0.0717,0.0281,0.5655,0.0527,6.0000e-4,2.5878e-3,2.4818e-4,4.4506e-3
0.02,0.1308,4.7330e-3,0.0681,0.0306,0.527,0.0327,9.7300e-4,1.9623e-3,1.7593e-4,4.1770e-3
0.0267,0.0918,3.8240e-3,0.0624,0.0323,0.5171,0.0256,1.0550e-3,8.5705e-4,1.2693e-4,3.6992e-3
0.0333,0.062,3.2180e-3,0.056,0.0343,0.5098,0.0186,1.0870e-3,2.5128e-4,7.0375e-5,3.2332e-3
0.04,0.0374,-2.6610e-3,0.0443,0.0298,0.5045,0.0172,8.0000e-4,-8.4875e-5,8.9250e-6,2.1383e-3
0.0533,0.013,-2.4680e-3,0.0371,0.0263,0.5149,0.0167,5.0000e-4,-1.6765e-4,-1.7425e-5,1.5471e-3
0.0667,2.8710e-3,-3.2530e-3,0.023,0.0208,0.5175,0.0131,3.0000e-4,-5.2150e-5,-3.8650e-5,3.3113e-4
0.08,2.1470e-3,-3.6510e-3,0.0165,0.0106,0.5313,9.1302e-3,3.8000e-5,-4.7125e-6,-5.4675e-5,2.8862e-4
0.1067,2.6300e-4,-3.3230e-3,0.0108,8.3850e-3,0.5375,7.8789e-3,-1.1000e-5,2.3270e-5,-1.4550e-5,1.4060e-4
0.1333,3.7280e-4,-2.3600e-3,9.8790e-3,7.3030e-3,0.54,5.3791e-3,-1.0000e-6,1.9900e-6,-1.2750e-6,1.1320e-4
0.16,3.7200e-4,-1.6450e-3,7.7750e-3,6.6490e-3,0.5236,3.3575e-3,3.0000e-6,-1.5575e-6,-8.5000e-7,7.8495e-5
0.2,3.9700e-4,-1.1380e-3,7.7490e-3,4.9050e-3,0.527,3.0334e-3,1.3000e-6,4.9950e-6,-9.0000e-7,6.3080e-5
0.24,3.3100e-3,-1.0910e-3,7.5590e-3,4.8580e-3,0.5251,2.8629e-3,1.50000e-6,4.0150e-7,-9.0000e-7,6.0554e-5
0.28,2.7900e-4,-1.2860e-3,7.4410e-3,4.0490e-3,0.5277,2.9035e-3,1.6000e-6,1.0933e-6,-2.2500e-7,5.3822e-5
0.32,1.7200e-4,-9.7800e-4,7.1790e-3,4.1550e-3,0.5308,3.2389e-3,2.0000e-6,-1.5413e-6,1.7000e-6,5.1602e-5
0.36,1.1100e-4,-5.8400e-4,6.5000e-3,4.3470e-3,0.528,3.1980e-3,1.0000e-6,-2.2993e-6,-6.2500e-7,4.5860e-5
0.4,1.8100e-4,5.1000e-4,6.1530e-3,3.9160e-3,0.5217,2.8874e-3,-1.0000e-6,-2.1257e-7,-2.0000e-7,3.9896e-5
0.44,-1.2700e-4,6.3800e-4,5.4530e-3,4.0150e-3,0.52,2.9203e-3,-2.0000e-6,-3.4800e-7,1.0000e-7,3.4392e-5
0.5,-6.9000e-5,5.7900e-4,5.0290e-3,5.1590e-3,0.5174,3.1881e-3,1.1000e-6,8.7250e-7,1.0325e-6,3.8930e-5
0.56,-4.8700e-4,1.0660e-3,4.4400e-3,5.0040e-3,0.5188,3.1007e-3,-2.8000e-6,1.4750e-5,1.1250e-6,3.3565e-5
0.6,-1.8100e-4,1.7850e-3,4.4200e-3,4.1250e-3,0.5154,4.8337e-3,-2.0000e-6,-2.3500e-6,1.1500e-6,2.7414e-5
0.64,-6.0600e-4,2.1460e-3,4.5170e-3,4.1350e-3,0.5165,4.0352e-3,-2.0000e-6,5.0000e-7,-4.2500e-7,2.8126e-5
0.68,-4.9400e-4,2.3670e-3,4.4180e-3,3.4520e-3,0.519,3.0430e-3,-3.0000e-6,7.1250e-6,2.0000e-7,2.3576e-5
0.72,-4.9900e-4,2.4850e-3,4.8540e-3,3.3290e-3,0.5202,3.3391e-3,-2.0000e-6,6.5500e-7,-7.5000e-8,2.5983e-5
0.76,-4.5800e-4,2.5830e-3,4.7060e-3,3.4520e-3,0.516,4.3246e-3,-1.0000e-6,6.3500e-6,-9.3250e-6,2.5547e-5
0.8,-2.2700e-4,3.4510e-3,4.6640e-3,3.6450e-3,0.5135,7.0418e-3,-1.0000e-6,7.0000e-7,-5.0000e-7,2.6279e-5
0.84,-2.4900e-4,3.1830e-3,4.9470e-3,4.0910e-3,0.5138,5.0101e-3,-1.0000e-6,-5.3500e-6,-3.6750e-6,3.0907e-5
0.8667,-3.1700e-4,3.3130e-3,5.1190e-3,4.3730e-3,0.5079,6.5627e-3,-6.0000e-7,3.5250e-6,-3.9000e-6,3.3995e-5
0.8933,1.2600e-3,2.9930e-3,8.0740e-3,6.6590e-3,0.5076,5.8379e-3,-2.7000e-5,-3.9250e-6,-1.2450e-5,8.2149e-5
0.92,4.4080e-3,2.8370e-3,0.0156,0.0151,0.5061,7.7054e-3,3.5000e-5,-3.7525e-5,-3.6425e-5,3.5210e-4
0.9333,2.7420e-3,1.9950e-3,0.0245,0.0156,0.5151,0.0115,1.0000e-5,-6.5450e-5,3.7775e-5,6.3357e-4
0.9467,-0.0108,1.3280e-3,0.0352,0.0223,0.5257,0.0147,3.5700e-4,-8.3900e-5,6.7250e-5,1.2997e-3
0.96,-0.0403,-2.2620e-3,0.0465,0.0254,0.5198,0.0166,5.9600e-4,-9.9100e-5,7.0725e-5,2.1030e-3
0.9667,-0.0684,-4.3800e-3,0.0559,0.0286,0.5313,0.0166,8.7000e-4,3.5020e-4,8.0750e-5,2.9600e-3
0.9733,-0.0916,-5.3000e-3,0.0639,0.031,0.5199,0.0248,9.9300e-4,5.8808e-4,1.3713e-4,3.7844e-3
0.98,-0.1252,-5.1300e-3,0.0661,0.0272,0.5047,0.0353,9.4400e-4,1.0818e-3,1.87780e-4,3.8323e-3
0.9867,-0.1828,-4.9900e-3,0.0652,0.0224,0.4556,0.055,6.4700e-4,2.0298e-3,2.4098e-4,3.5665e-3
0.9907,-0.2185,-4.6620e-3,0.0659,0.0183,0.3834,0.0703,-3.3000e-4,2.7414e-3,1.5248e-4,3.5079e-3
0.9933,-0.2257,-2.7390e-3,0.0586,0.0158,0.3137,0.0565,2.0900e-4,2.4064e-3,1.18000e-4,2.7624e-3
0.996,-0.1884,-1.5920e-3,0.0429,0.0106,0.2434,0.0572,1.0000e-6,1.9478e-3,7.0950e-5,1.4673e-3
0.9963,-0.1803,-1.5680e-3,0.0404,9.8470e-3,0.2318,0.0519,8.0000e-7,1.6570e-3,6.11500e-5,1.2987e-3
0.9967,-0.1736,-1.4050e-3,0.0382,8.6060e-3,0.2136,0.0465,-4.0000e-6,8.2023e-4,5.8625e-5,1.1511e-3
0.997,-0.1604,-1.4560e-3,0.0355,7.4360e-3,0.205,0.0423,-6.0000e-6,5.0158e-4,3.6425e-5,9.8586e-4
0.9973,-0.1488,-8.6500e-4,0.0326,6.6200e-3,0.1865,0.0361,-2.3000e-5,4.1465e-4,3.4300e-5,8.3190e-4
0.9977,-0.1268,-6.8500e-4,0.0309,5.8210e-3,0.1608,0.0308,-1.4000e-5,3.7715e-4,3.0850e-5,7.4138e-4
0.998,-0.1056,-5.1000e-4,0.0277,5.0320e-3,0.1324,0.0297,-6.0000e-6,2.7485e-4,1.6625e-5,5.9591e-4
0.9983,-0.0835,-4.3900e-4,0.023,4.7780e-3,0.1183,0.023,-2.0000e-6,1.3040e-4,1.5750e-5,4.1470e-4
0.9987,-0.0588,-3.9700e-4,0.0211,4.0410e-3,0.0935,0.0171,-1.0000e-6,3.6300e-5,1.4000e-5,3.4555e-4
0.999,-0.0314,-1.9100e-4,0.0158,3.3280e-3,0.0777,0.0174,-1.0000e-6,-9.9750e-6,1.1500e-5,1.9592e-4
0.9993,-3.3890e-3,-2.2000e-5,0.0101,2.7850e-3,0.0657,0.0115,-1.0000e-6,-9.5250e-6,1.0200e-5,8.2340e-5
0.9997,-4.1200e-4,-1.2000e-5,8.1010e-3,7.8500e-4,0.0309,0.0105,-1.0000e-6,-9.4750e-6,8.0250e-6,4.9682e-5
1,0,0,0,0,0,0,0,0,0,0
